ID,Brand,FA,VA,CA,RS,chloride,FSD,TSD,density,sulphate,pH,alcohol
1,Sula Vineyards,7.4,0.7,0,1.9,0.076,11,34,0.9978,0.56,3.51,9.4
2,Sula Vineyards,7.8,0.88,0,2.6,0.098,25,67,0.9968,0.68,3.2,9.8
3,Grover Zampa,7.8,0.76,0.04,2.3,0.092,15,54,0.997,0.65,3.26,9.8
4,Seagram,11.2,0.28,0.56,1.9,0.075,17,60,0.998,0.58,3.16,9.8
5,Sula Vineyards,7.4,0.7,0,1.9,0.076,11,34,0.9978,0.56,3.51,9.4
6,Sula Vineyards,7.4,0.66,0,1.8,0.075,13,40,0.9978,0.56,3.51,9.4
8,Grover Zampa,7.3,0.65,0,1.2,0.065,15,21,0.9946,0.47,3.39,10
9,Grover Zampa,7.8,0.58,0.02,2,0.073,9,18,0.9968,0.57,3.36,9.5
10,Grover Zampa,7.5,0.5,0.36,6.1,0.071,17,102,0.9978,0.8,3.35,10.5
11,Grover Zampa,6.7,0.58,0.08,1.8,0.097,15,65,0.9959,0.54,3.28,9.2
12,Sula Vineyards,7.5,0.5,0.36,6.1,0.071,17,102,0.9978,0.8,3.35,10.5
13,Sula Vineyards,5.6,0.615,0,1.6,0.089,16,59,0.9943,0.52,3.58,9.9
14,Grover Zampa,7.8,0.61,0.29,1.6,0.114,9,29,0.9974,1.56,3.26,9.1
15,Sula Vineyards,8.9,0.62,0.18,3.8,0.176,52,145,0.9986,0.88,3.16,9.2
16,Sula Vineyards,8.9,0.62,0.19,3.9,0.17,51,148,0.9986,0.93,3.17,9.2
17,Grover Zampa,8.5,0.28,0.56,1.8,0.092,35,103,0.9969,0.75,3.3,10.5
18,Sula Vineyards,8.1,0.56,0.28,1.7,0.368,16,56,0.9968,1.28,3.11,9.3
19,Grover Zampa,7.4,0.59,0.08,4.4,0.086,6,29,0.9974,0.5,3.38,9
20,Seagram,7.9,0.32,0.51,1.8,0.341,17,56,0.9969,1.08,3.04,9.2
22,Grover Zampa,7.6,0.39,0.31,2.3,0.082,23,71,0.9982,0.65,3.52,9.7
23,Grover Zampa,7.9,0.43,0.21,1.6,0.106,10,37,0.9966,0.91,3.17,9.5
25,Seagram,6.9,0.4,0.14,2.4,0.085,21,40,0.9968,0.63,3.43,9.7
26,Sula Vineyards,6.3,0.39,0.16,1.4,0.08,11,23,0.9955,0.56,3.34,9.3
27,Sula Vineyards,7.6,0.41,0.24,1.8,0.08,4,11,0.9962,0.59,3.28,9.5
28,Grover Zampa,7.9,0.43,0.21,1.6,0.106,10,37,0.9966,0.91,3.17,9.5
30,Seagram,7.8,0.645,0,2,0.082,8,16,0.9964,0.59,3.38,9.8
31,Sula Vineyards,6.7,0.675,0.07,2.4,0.089,17,82,0.9958,0.54,3.35,10.1
32,Seagram,6.9,0.685,0,2.5,0.105,22,37,0.9966,0.57,3.46,10.6
33,Grover Zampa,8.3,0.655,0.12,2.3,0.083,15,113,0.9966,0.66,3.17,9.8
35,Sula Vineyards,5.2,0.32,0.25,1.8,0.103,13,50,0.9957,0.55,3.38,9.2
36,Grover Zampa,7.8,0.645,0,5.5,0.086,5,18,0.9986,0.55,3.4,9.6
37,Grover Zampa,7.8,0.6,0.14,2.4,0.086,3,15,0.9975,0.6,3.42,10.8
38,Grover Zampa,8.1,0.38,0.28,2.1,0.066,13,30,0.9968,0.73,3.23,9.7
39,Grover Zampa,5.7,1.13,0.09,1.5,0.172,7,19,0.994,0.48,3.5,9.8
40,Sula Vineyards,7.3,0.45,0.36,5.9,0.074,12,87,0.9978,0.83,3.33,10.5
41,Grover Zampa,7.3,0.45,0.36,5.9,0.074,12,87,0.9978,0.83,3.33,10.5
42,Grover Zampa,8.8,0.61,0.3,2.8,0.088,17,46,0.9976,0.51,3.26,9.3
43,Seagram,7.5,0.49,0.2,2.6,0.332,8,14,0.9968,0.9,3.21,10.5
44,Grover Zampa,8.1,0.66,0.22,2.2,0.069,9,23,0.9968,1.2,3.3,10.3
45,Sula Vineyards,6.8,0.67,0.02,1.8,0.05,5,11,0.9962,0.52,3.48,9.5
46,Grover Zampa,4.6,0.52,0.15,2.1,0.054,8,65,0.9934,0.56,3.9,10.06
47,Sula Vineyards,7.7,0.935,0.43,2.2,0.114,22,114,0.997,0.73,3.25,9.2
48,Sula Vineyards,8.7,0.29,0.52,1.6,0.113,12,37,0.9969,0.58,3.25,9.5
49,Sula Vineyards,6.4,0.4,0.23,1.6,0.066,5,12,0.9958,0.56,3.34,9.2
50,Grover Zampa,5.6,0.31,0.37,1.4,0.074,12,96,0.9954,0.58,3.32,9.2
51,Sula Vineyards,8.8,0.66,0.26,1.7,0.074,4,23,0.9971,0.74,3.15,9.2
55,Seagram,7.6,0.51,0.15,2.8,0.11,33,73,0.9955,0.63,3.17,10.2
57,Sula Vineyards,10.2,0.42,0.57,3.4,0.07,4,10,0.9971,0.63,3.04,9.6
59,Sula Vineyards,7.8,0.59,0.18,2.3,0.076,17,54,0.9975,0.59,3.43,10
61,Grover Zampa,8.8,0.4,0.4,2.2,0.079,19,52,0.998,0.64,3.44,9.2
62,Sula Vineyards,7.7,0.69,0.49,1.8,0.115,20,112,0.9968,0.71,3.21,9.3
64,Sula Vineyards,7,0.735,0.05,2,0.081,13,54,0.9966,0.57,3.39,9.8
65,Sula Vineyards,7.2,0.725,0.05,4.65,0.086,4,11,0.9962,0.39,3.41,10.9
66,Grover Zampa,7.2,0.725,0.05,4.65,0.086,4,11,0.9962,0.39,3.41,10.9
67,Sula Vineyards,7.5,0.52,0.11,1.5,0.079,11,39,0.9968,0.58,3.42,9.6
68,Sula Vineyards,6.6,0.705,0.07,1.6,0.076,6,15,0.9962,0.58,3.44,10.7
69,Sula Vineyards,9.3,0.32,0.57,2,0.074,27,65,0.9969,0.79,3.28,10.7
70,Seagram,8,0.705,0.05,1.9,0.074,8,19,0.9962,0.95,3.34,10.5
74,Grover Zampa,8.3,0.675,0.26,2.1,0.084,11,43,0.9976,0.53,3.31,9.2
75,Sula Vineyards,9.7,0.32,0.54,2.5,0.094,28,83,0.9984,0.82,3.28,9.6
76,Grover Zampa,8.8,0.41,0.64,2.2,0.093,9,42,0.9986,0.66,3.54,10.5
77,Sula Vineyards,8.8,0.41,0.64,2.2,0.093,9,42,0.9986,0.66,3.54,10.5
78,Seagram,6.8,0.785,0,2.4,0.104,14,30,0.9966,0.55,3.52,10.7
79,Sula Vineyards,6.7,0.75,0.12,2,0.086,12,80,0.9958,0.52,3.38,10.1
80,Grover Zampa,8.3,0.625,0.2,1.5,0.08,27,119,0.9972,1.12,3.16,9.1
81,Grover Zampa,6.2,0.45,0.2,1.6,0.069,3,15,0.9958,0.56,3.41,9.2
82,Sula Vineyards,7.8,0.43,0.7,1.9,0.464,22,67,0.9974,1.28,3.13,9.4
83,Grover Zampa,7.4,0.5,0.47,2,0.086,21,73,0.997,0.57,3.36,9.1
84,Sula Vineyards,7.3,0.67,0.26,1.8,0.401,16,51,0.9969,1.14,3.16,9.4
85,Grover Zampa,6.3,0.3,0.48,1.8,0.069,18,61,0.9959,0.78,3.44,10.3
86,Sula Vineyards,6.9,0.55,0.15,2.2,0.076,19,40,0.9961,0.59,3.41,10.1
87,Grover Zampa,8.6,0.49,0.28,1.9,0.11,20,136,0.9972,1.95,2.93,9.9
90,Sula Vineyards,7,0.62,0.08,1.8,0.076,8,24,0.9978,0.53,3.48,9
92,Seagram,8.6,0.49,0.28,1.9,0.11,20,136,0.9972,1.95,2.93,9.9
93,Grover Zampa,8.6,0.49,0.29,2,0.11,19,133,0.9972,1.98,2.93,9.8
95,Grover Zampa,5,1.02,0.04,1.4,0.045,41,85,0.9938,0.48,3.75,10.5
96,Seagram,4.7,0.6,0.17,2.3,0.058,17,106,0.9932,0.6,3.85,12.9
97,Sula Vineyards,6.8,0.775,0,3,0.102,8,23,0.9965,0.56,3.45,10.7
98,Sula Vineyards,7,0.5,0.25,2,0.07,3,22,0.9963,0.63,3.25,9.2
99,Sula Vineyards,7.6,0.9,0.06,2.5,0.079,5,10,0.9967,0.56,3.39,9.8
100,Seagram,8.1,0.545,0.18,1.9,0.08,13,35,0.9972,0.59,3.3,9
101,Seagram,8.3,0.61,0.3,2.1,0.084,11,50,0.9972,0.61,3.4,10.2
102,Grover Zampa,7.8,0.5,0.3,1.9,0.075,8,22,0.9959,0.56,3.31,10.4
103,Grover Zampa,8.1,0.545,0.18,1.9,0.08,13,35,0.9972,0.59,3.3,9
104,Grover Zampa,8.1,0.575,0.22,2.1,0.077,12,65,0.9967,0.51,3.29,9.2
105,Sula Vineyards,7.2,0.49,0.24,2.2,0.07,5,36,0.996,0.48,3.33,9.4
106,Sula Vineyards,8.1,0.575,0.22,2.1,0.077,12,65,0.9967,0.51,3.29,9.2
107,Sula Vineyards,7.8,0.41,0.68,1.7,0.467,18,69,0.9973,1.31,3.08,9.3
108,Sula Vineyards,6.2,0.63,0.31,1.7,0.088,15,64,0.9969,0.79,3.46,9.3
110,Sula Vineyards,8.1,0.785,0.52,2,0.122,37,153,0.9969,0.69,3.21,9.3
112,Grover Zampa,8.4,0.62,0.09,2.2,0.084,11,108,0.9964,0.66,3.15,9.8
113,Sula Vineyards,8.4,0.6,0.1,2.2,0.085,14,111,0.9964,0.66,3.15,9.8
114,Seagram,10.1,0.31,0.44,2.3,0.08,22,46,0.9988,0.67,3.32,9.7
116,Grover Zampa,9.4,0.4,0.31,2.2,0.09,13,62,0.9966,0.63,3.07,10.5
117,Grover Zampa,8.3,0.54,0.28,1.9,0.077,11,40,0.9978,0.61,3.39,10
118,Grover Zampa,7.8,0.56,0.12,2,0.082,7,28,0.997,0.5,3.37,9.4
119,Seagram,8.8,0.55,0.04,2.2,0.119,14,56,0.9962,0.6,3.21,10.9
120,Grover Zampa,7,0.69,0.08,1.8,0.097,22,89,0.9959,0.54,3.34,9.2
121,Sula Vineyards,7.3,1.07,0.09,1.7,0.178,10,89,0.9962,0.57,3.3,9
122,Seagram,8.8,0.55,0.04,2.2,0.119,14,56,0.9962,0.6,3.21,10.9
123,Sula Vineyards,7.3,0.695,0,2.5,0.075,3,13,0.998,0.52,3.49,9.2
125,Sula Vineyards,7.8,0.5,0.17,1.6,0.082,21,102,0.996,0.48,3.39,9.5
126,Grover Zampa,9,0.62,0.04,1.9,0.146,27,90,0.9984,0.7,3.16,9.4
127,Sula Vineyards,8.2,1.33,0,1.7,0.081,3,12,0.9964,0.49,3.53,10.9
128,Sula Vineyards,8.1,1.33,0,1.8,0.082,3,12,0.9964,0.48,3.54,10.9
129,Grover Zampa,8,0.59,0.16,1.8,0.065,3,16,0.9962,0.92,3.42,10.5
130,Sula Vineyards,6.1,0.38,0.15,1.8,0.072,6,19,0.9955,0.57,3.42,9.4
131,Sula Vineyards,8,0.745,0.56,2,0.118,30,134,0.9968,0.66,3.24,9.4
132,Sula Vineyards,5.6,0.5,0.09,2.3,0.049,17,99,0.9937,0.63,3.63,10.06
133,Grover Zampa,5.6,0.5,0.09,2.3,0.049,17,99,0.9937,0.63,3.63,10.06
134,Seagram,6.6,0.5,0.01,1.5,0.06,17,26,0.9952,0.58,3.4,9.8
135,Grover Zampa,7.9,1.04,0.05,2.2,0.084,13,29,0.9959,0.55,3.22,9.9
137,Sula Vineyards,8.3,0.715,0.15,1.8,0.089,10,52,0.9968,0.77,3.23,9.5
138,Sula Vineyards,7.2,0.415,0.36,2,0.081,13,45,0.9972,0.64,3.48,9.2
139,Sula Vineyards,7.8,0.56,0.19,2.1,0.081,15,105,0.9962,0.54,3.33,9.5
140,Grover Zampa,7.8,0.56,0.19,2,0.081,17,108,0.9962,0.54,3.32,9.5
142,Sula Vineyards,8.3,0.715,0.15,1.8,0.089,10,52,0.9968,0.77,3.23,9.5
143,Seagram,5.2,0.34,0,1.8,0.05,27,63,0.9916,0.79,3.68,10.26666667
144,Sula Vineyards,6.3,0.39,0.08,1.7,0.066,3,20,0.9954,0.58,3.34,9.4
145,Seagram,5.2,0.34,0,1.8,0.05,27,63,0.9916,0.79,3.68,10.26666667
146,Sula Vineyards,8.1,0.67,0.55,1.8,0.117,32,141,0.9968,0.62,3.17,9.4
147,Sula Vineyards,5.8,0.68,0.02,1.8,0.087,21,94,0.9944,0.52,3.54,10
148,Grover Zampa,7.6,0.49,0.26,1.6,0.236,10,88,0.9968,0.8,3.11,9.3
149,Grover Zampa,6.9,0.49,0.1,2.3,0.074,12,30,0.9959,0.58,3.42,10.2
150,Seagram,8.2,0.4,0.44,2.8,0.089,11,43,0.9975,0.61,3.53,10.5
151,Seagram,7.3,0.33,0.47,2.1,0.077,5,11,0.9958,0.53,3.33,10.3
152,Grover Zampa,9.2,0.52,1,3.4,0.61,32,69,0.9996,2,2.74,9.4
153,Sula Vineyards,7.5,0.6,0.03,1.8,0.095,25,99,0.995,0.54,3.35,10.1
154,Sula Vineyards,7.5,0.6,0.03,1.8,0.095,25,99,0.995,0.54,3.35,10.1
155,Sula Vineyards,7.1,0.43,0.42,5.5,0.07,29,129,0.9973,0.72,3.42,10.5
156,Sula Vineyards,7.1,0.43,0.42,5.5,0.071,28,128,0.9973,0.71,3.42,10.5
157,Sula Vineyards,7.1,0.43,0.42,5.5,0.07,29,129,0.9973,0.72,3.42,10.5
158,Grover Zampa,7.1,0.43,0.42,5.5,0.071,28,128,0.9973,0.71,3.42,10.5
159,Sula Vineyards,7.1,0.68,0,2.2,0.073,12,22,0.9969,0.5,3.48,9.3
160,Seagram,6.8,0.6,0.18,1.9,0.079,18,86,0.9968,0.57,3.59,9.3
162,Grover Zampa,7.6,0.68,0.02,1.3,0.072,9,20,0.9965,1.08,3.17,9.2
163,Grover Zampa,7.8,0.53,0.04,1.7,0.076,17,31,0.9964,0.56,3.33,10
164,Sula Vineyards,7.4,0.6,0.26,7.3,0.07,36,121,0.9982,0.49,3.37,9.4
165,Sula Vineyards,7.3,0.59,0.26,7.2,0.07,35,121,0.9981,0.49,3.37,9.4
166,Sula Vineyards,7.8,0.63,0.48,1.7,0.1,14,96,0.9961,0.62,3.19,9.5
167,Grover Zampa,6.8,0.64,0.1,2.1,0.085,18,101,0.9956,0.52,3.34,10.2
168,Grover Zampa,7.3,0.55,0.03,1.6,0.072,17,42,0.9956,0.48,3.37,9
169,Grover Zampa,6.8,0.63,0.07,2.1,0.089,11,44,0.9953,0.55,3.47,10.4
170,Sula Vineyards,7.5,0.705,0.24,1.8,0.36,15,63,0.9964,1.59,3,9.5
171,Grover Zampa,7.9,0.885,0.03,1.8,0.058,4,8,0.9972,0.33,3.36,9.1
172,Seagram,8,0.42,0.17,2,0.073,6,18,0.9972,0.61,3.29,9.2
173,Grover Zampa,8,0.42,0.17,2,0.073,6,18,0.9972,0.61,3.29,9.2
174,Seagram,7.4,0.62,0.05,1.9,0.068,24,42,0.9961,0.57,3.42,11.5
175,Sula Vineyards,7.3,0.38,0.21,2,0.08,7,35,0.9961,0.47,3.33,9.5
176,Sula Vineyards,6.9,0.5,0.04,1.5,0.085,19,49,0.9958,0.78,3.35,9.5
177,Sula Vineyards,7.3,0.38,0.21,2,0.08,7,35,0.9961,0.47,3.33,9.5
178,Grover Zampa,7.5,0.52,0.42,2.3,0.087,8,38,0.9972,0.61,3.58,10.5
180,Grover Zampa,8.8,0.61,0.14,2.4,0.067,10,42,0.9969,0.59,3.19,9.5
181,Sula Vineyards,8.8,0.61,0.14,2.4,0.067,10,42,0.9969,0.59,3.19,9.5
182,Sula Vineyards,8.9,0.61,0.49,2,0.27,23,110,0.9972,1.02,3.12,9.3
183,Sula Vineyards,7.2,0.73,0.02,2.5,0.076,16,42,0.9972,0.52,3.44,9.3
184,Sula Vineyards,6.8,0.61,0.2,1.8,0.077,11,65,0.9971,0.58,3.54,9.3
185,Seagram,6.7,0.62,0.21,1.9,0.079,8,62,0.997,0.58,3.52,9.3
186,Grover Zampa,8.9,0.31,0.57,2,0.111,26,85,0.9971,0.53,3.26,9.7
187,Sula Vineyards,7.4,0.39,0.48,2,0.082,14,67,0.9972,0.55,3.34,9.2
188,Sula Vineyards,7.7,0.705,0.1,2.6,0.084,9,26,0.9976,0.49,3.39,9.7
189,Sula Vineyards,7.9,0.5,0.33,2,0.084,15,143,0.9968,0.55,3.2,9.5
190,Sula Vineyards,7.9,0.49,0.32,1.9,0.082,17,144,0.9968,0.55,3.2,9.5
191,Sula Vineyards,8.2,0.5,0.35,2.9,0.077,21,127,0.9976,0.62,3.23,9.4
192,Grover Zampa,6.4,0.37,0.25,1.9,0.074,21,49,0.9974,0.62,3.57,9.8
193,Grover Zampa,6.8,0.63,0.12,3.8,0.099,16,126,0.9969,0.61,3.28,9.5
194,Sula Vineyards,7.6,0.55,0.21,2.2,0.071,7,28,0.9964,0.55,3.28,9.7
195,Sula Vineyards,7.6,0.55,0.21,2.2,0.071,7,28,0.9964,0.55,3.28,9.7
196,Sula Vineyards,7.8,0.59,0.33,2,0.074,24,120,0.9968,0.54,3.25,9.4
197,Sula Vineyards,7.3,0.58,0.3,2.4,0.074,15,55,0.9968,0.59,3.46,10.2
198,Seagram,11.5,0.3,0.6,2,0.067,12,27,0.9981,0.97,3.11,10.1
199,Grover Zampa,5.4,0.835,0.08,1.2,0.046,13,93,0.9924,0.85,3.57,10.06
200,Grover Zampa,6.9,1.09,0.06,2.1,0.061,12,31,0.9948,0.43,3.51,11.4
201,Grover Zampa,9.6,0.32,0.47,1.4,0.056,9,24,0.99695,0.82,3.22,10.3
202,Grover Zampa,8.8,0.37,0.48,2.1,0.097,39,145,0.9975,1.03,3.04,9.3
203,Sula Vineyards,6.8,0.5,0.11,1.5,0.075,16,49,0.99545,0.79,3.36,9.5
204,Sula Vineyards,7,0.42,0.35,1.6,0.088,16,39,0.9961,0.55,3.34,9.2
205,Seagram,7,0.43,0.36,1.6,0.089,14,37,0.99615,0.56,3.34,9.2
206,Grover Zampa,12.8,0.3,0.74,2.6,0.095,9,28,0.9994,0.77,3.2,10.8
207,Grover Zampa,12.8,0.3,0.74,2.6,0.095,9,28,0.9994,0.77,3.2,10.8
208,Sula Vineyards,7.8,0.57,0.31,1.8,0.069,26,120,0.99625,0.53,3.29,9.3
209,Sula Vineyards,7.8,0.44,0.28,2.7,0.1,18,95,0.9966,0.67,3.22,9.4
210,Grover Zampa,11,0.3,0.58,2.1,0.054,7,19,0.998,0.88,3.31,10.5
211,Seagram,9.7,0.53,0.6,2,0.039,5,19,0.99585,0.86,3.3,12.4
212,Grover Zampa,8,0.725,0.24,2.8,0.083,10,62,0.99685,0.56,3.35,10
213,Seagram,11.6,0.44,0.64,2.1,0.059,5,15,0.998,0.67,3.21,10.2
214,Sula Vineyards,8.2,0.57,0.26,2.2,0.06,28,65,0.9959,0.43,3.3,10.1
215,Grover Zampa,7.8,0.735,0.08,2.4,0.092,10,41,0.9974,0.71,3.24,9.8
216,Sula Vineyards,7,0.49,0.49,5.6,0.06,26,121,0.9974,0.76,3.34,10.5
217,Grover Zampa,8.7,0.625,0.16,2,0.101,13,49,0.9962,0.57,3.14,11
218,Sula Vineyards,8.1,0.725,0.22,2.2,0.072,11,41,0.9967,0.55,3.36,9.1
219,Sula Vineyards,7.5,0.49,0.19,1.9,0.076,10,44,0.9957,0.54,3.39,9.7
220,Sula Vineyards,7.8,0.53,0.33,2.4,0.08,24,144,0.99655,0.6,3.3,9.5
221,Seagram,7.8,0.34,0.37,2,0.082,24,58,0.9964,0.59,3.34,9.4
222,Sula Vineyards,7.4,0.53,0.26,2,0.101,16,72,0.9957,0.57,3.15,9.4
223,Grover Zampa,6.8,0.61,0.04,1.5,0.057,5,10,0.99525,0.6,3.42,9.5
224,Seagram,8.6,0.645,0.25,2,0.083,8,28,0.99815,0.6,3.28,10
225,Grover Zampa,8.4,0.635,0.36,2,0.089,15,55,0.99745,0.57,3.31,10.4
226,Grover Zampa,7.7,0.43,0.25,2.6,0.073,29,63,0.99615,0.58,3.37,10.5
227,Seagram,8.9,0.59,0.5,2,0.337,27,81,0.9964,1.61,3.04,9.5
228,Sula Vineyards,9,0.82,0.14,2.6,0.089,9,23,0.9984,0.63,3.39,9.8
229,Seagram,7.7,0.43,0.25,2.6,0.073,29,63,0.99615,0.58,3.37,10.5
230,Sula Vineyards,6.9,0.52,0.25,2.6,0.081,10,37,0.99685,0.5,3.46,11
231,Grover Zampa,5.2,0.48,0.04,1.6,0.054,19,106,0.9927,0.62,3.54,12.2
232,Grover Zampa,8,0.38,0.06,1.8,0.078,12,49,0.99625,0.52,3.37,9.9
234,Sula Vineyards,6.9,0.52,0.25,2.6,0.081,10,37,0.99685,0.5,3.46,11
235,Seagram,8.2,1,0.09,2.3,0.065,7,37,0.99685,0.55,3.32,9
236,Seagram,7.2,0.63,0,1.9,0.097,14,38,0.99675,0.58,3.37,9
237,Seagram,7.2,0.63,0,1.9,0.097,14,38,0.99675,0.58,3.37,9
238,Grover Zampa,7.2,0.645,0,1.9,0.097,15,39,0.99675,0.58,3.37,9.2
239,Grover Zampa,7.2,0.63,0,1.9,0.097,14,38,0.99675,0.58,3.37,9
240,Grover Zampa,8.2,1,0.09,2.3,0.065,7,37,0.99685,0.55,3.32,9
241,Sula Vineyards,8.9,0.635,0.37,1.7,0.263,5,62,0.9971,1.09,3,9.3
242,Grover Zampa,12,0.38,0.56,2.1,0.093,6,24,0.99925,0.71,3.14,10.9
243,Seagram,7.7,0.58,0.1,1.8,0.102,28,109,0.99565,0.49,3.08,9.8
244,Grover Zampa,15,0.21,0.44,2.2,0.075,10,24,1.00005,0.84,3.07,9.2
245,Grover Zampa,15,0.21,0.44,2.2,0.075,10,24,1.00005,0.84,3.07,9.2
246,Seagram,7.3,0.66,0,2,0.084,6,23,0.9983,0.96,3.61,9.9
247,Grover Zampa,7.1,0.68,0.07,1.9,0.075,16,51,0.99685,0.52,3.38,9.5
248,Sula Vineyards,8.2,0.6,0.17,2.3,0.072,11,73,0.9963,0.45,3.2,9.3
249,Seagram,7.7,0.53,0.06,1.7,0.074,9,39,0.99615,0.48,3.35,9.8
250,Grover Zampa,7.3,0.66,0,2,0.084,6,23,0.9983,0.96,3.61,9.9
251,Seagram,10.8,0.32,0.44,1.6,0.063,16,37,0.9985,0.78,3.22,10
252,Seagram,7.1,0.6,0,1.8,0.074,16,34,0.9972,0.7,3.47,9.9
253,Sula Vineyards,11.1,0.35,0.48,3.1,0.09,5,21,0.9986,0.53,3.17,10.5
255,Grover Zampa,7.1,0.6,0,1.8,0.074,16,34,0.9972,0.7,3.47,9.9
256,Sula Vineyards,8,0.57,0.23,3.2,0.073,17,119,0.99675,0.57,3.26,9.3
257,Sula Vineyards,9.4,0.34,0.37,2.2,0.075,5,13,0.998,0.62,3.22,9.2
258,Grover Zampa,6.6,0.695,0,2.1,0.075,12,56,0.9968,0.67,3.49,9.2
259,Sula Vineyards,7.7,0.41,0.76,1.8,0.611,8,45,0.9968,1.26,3.06,9.4
260,Grover Zampa,10,0.31,0.47,2.6,0.085,14,33,0.99965,0.8,3.36,10.5
261,Sula Vineyards,7.9,0.33,0.23,1.7,0.077,18,45,0.99625,0.65,3.29,9.3
262,Grover Zampa,7,0.975,0.04,2,0.087,12,67,0.99565,0.6,3.35,9.4
263,Sula Vineyards,8,0.52,0.03,1.7,0.07,10,35,0.99575,0.57,3.34,10
264,Sula Vineyards,7.9,0.37,0.23,1.8,0.077,23,49,0.9963,0.67,3.28,9.3
265,Sula Vineyards,12.5,0.56,0.49,2.4,0.064,5,27,0.9999,0.87,3.08,10.9
266,Grover Zampa,11.8,0.26,0.52,1.8,0.071,6,10,0.9968,0.72,3.2,10.2
267,Grover Zampa,8.1,0.87,0,3.3,0.096,26,61,1.00025,0.72,3.6,9.8
268,Grover Zampa,7.9,0.35,0.46,3.6,0.078,15,37,0.9973,0.86,3.35,12.8
269,Seagram,6.9,0.54,0.04,3,0.077,7,27,0.9987,0.91,3.69,9.4
270,Seagram,11.5,0.18,0.51,4,0.104,4,23,0.9996,0.97,3.28,10.1
271,Grover Zampa,7.9,0.545,0.06,4,0.087,27,61,0.9965,0.67,3.36,10.7
272,Seagram,11.5,0.18,0.51,4,0.104,4,23,0.9996,0.97,3.28,10.1
273,Grover Zampa,10.9,0.37,0.58,4,0.071,17,65,0.99935,0.78,3.22,10.1
274,Sula Vineyards,8.4,0.715,0.2,2.4,0.076,10,38,0.99735,0.64,3.31,9.4
275,Sula Vineyards,7.5,0.65,0.18,7,0.088,27,94,0.99915,0.77,3.38,9.4
276,Seagram,7.9,0.545,0.06,4,0.087,27,61,0.9965,0.67,3.36,10.7
277,Grover Zampa,6.9,0.54,0.04,3,0.077,7,27,0.9987,0.91,3.69,9.4
278,Grover Zampa,11.5,0.18,0.51,4,0.104,4,23,0.9996,0.97,3.28,10.1
279,Grover Zampa,10.3,0.32,0.45,6.4,0.073,5,13,0.9976,0.82,3.23,12.6
280,Grover Zampa,8.9,0.4,0.32,5.6,0.087,10,47,0.9991,0.77,3.38,10.5
281,Seagram,11.4,0.26,0.44,3.6,0.071,6,19,0.9986,0.82,3.12,9.3
282,Grover Zampa,7.7,0.27,0.68,3.5,0.358,5,10,0.9972,1.08,3.25,9.9
283,Sula Vineyards,7.6,0.52,0.12,3,0.067,12,53,0.9971,0.57,3.36,9.1
284,Grover Zampa,8.9,0.4,0.32,5.6,0.087,10,47,0.9991,0.77,3.38,10.5
285,Sula Vineyards,9.9,0.59,0.07,3.4,0.102,32,71,1.00015,0.71,3.31,9.8
286,Grover Zampa,9.9,0.59,0.07,3.4,0.102,32,71,1.00015,0.71,3.31,9.8
287,Seagram,12,0.45,0.55,2,0.073,25,49,0.9997,0.76,3.1,10.3
288,Seagram,7.5,0.4,0.12,3,0.092,29,53,0.9967,0.7,3.37,10.3
289,Grover Zampa,8.7,0.52,0.09,2.5,0.091,20,49,0.9976,0.86,3.34,10.6
290,Sula Vineyards,11.6,0.42,0.53,3.3,0.105,33,98,1.001,0.95,3.2,9.2
291,Grover Zampa,8.7,0.52,0.09,2.5,0.091,20,49,0.9976,0.86,3.34,10.6
292,Sula Vineyards,11,0.2,0.48,2,0.343,6,18,0.9979,0.71,3.3,10.5
293,Seagram,10.4,0.55,0.23,2.7,0.091,18,48,0.9994,0.64,3.22,10.3
294,Grover Zampa,6.9,0.36,0.25,2.4,0.098,5,16,0.9964,0.6,3.41,10.1
297,Sula Vineyards,10.6,0.83,0.37,2.6,0.086,26,70,0.9981,0.52,3.16,9.9
301,Seagram,7.5,0.53,0.06,2.6,0.086,20,44,0.9965,0.59,3.38,10.7
302,Grover Zampa,11.1,0.18,0.48,1.5,0.068,7,15,0.9973,0.64,3.22,10.1
303,Sula Vineyards,8.3,0.705,0.12,2.6,0.092,12,28,0.9994,0.72,3.51,10
305,Grover Zampa,8.4,0.65,0.6,2.1,0.112,12,90,0.9973,0.52,3.2,9.2
306,Seagram,10.3,0.53,0.48,2.5,0.063,6,25,0.9998,0.59,3.12,9.3
307,Sula Vineyards,7.6,0.62,0.32,2.2,0.082,7,54,0.9966,0.52,3.36,9.4
311,Seagram,10.3,0.53,0.48,2.5,0.063,6,25,0.9998,0.59,3.12,9.3
312,Seagram,7.9,0.53,0.24,2,0.072,15,105,0.996,0.54,3.27,9.4
314,Sula Vineyards,8.6,0.47,0.3,3,0.076,30,135,0.9976,0.53,3.3,9.4
315,Sula Vineyards,7.4,0.36,0.29,2.6,0.087,26,72,0.99645,0.68,3.39,11
316,Grover Zampa,7.1,0.35,0.29,2.5,0.096,20,53,0.9962,0.65,3.42,11
317,Sula Vineyards,9.6,0.56,0.23,3.4,0.102,37,92,0.9996,0.65,3.3,10.1
318,Seagram,9.6,0.77,0.12,2.9,0.082,30,74,0.99865,0.64,3.3,10.4
319,Grover Zampa,9.8,0.66,0.39,3.2,0.083,21,59,0.9989,0.71,3.37,11.5
320,Seagram,9.6,0.77,0.12,2.9,0.082,30,74,0.99865,0.64,3.3,10.4
321,Grover Zampa,9.8,0.66,0.39,3.2,0.083,21,59,0.9989,0.71,3.37,11.5
323,Grover Zampa,7.8,0.62,0.05,2.3,0.079,6,18,0.99735,0.63,3.29,9.3
325,Seagram,10,0.49,0.2,11,0.071,13,50,1.0015,0.69,3.16,9.2
326,Seagram,10,0.49,0.2,11,0.071,13,50,1.0015,0.69,3.16,9.2
327,Grover Zampa,11.6,0.53,0.66,3.65,0.121,6,14,0.9978,0.74,3.05,11.5
328,Sula Vineyards,10.3,0.44,0.5,4.5,0.107,5,13,0.998,0.83,3.28,11.5
331,Grover Zampa,10.2,0.36,0.64,2.9,0.122,10,41,0.998,0.66,3.23,12.5
332,Seagram,10.2,0.36,0.64,2.9,0.122,10,41,0.998,0.66,3.23,12.5
333,Grover Zampa,8,0.58,0.28,3.2,0.066,21,114,0.9973,0.54,3.22,9.4
334,Sula Vineyards,8.4,0.56,0.08,2.1,0.105,16,44,0.9958,0.52,3.13,11
335,Grover Zampa,7.9,0.65,0.01,2.5,0.078,17,38,0.9963,0.74,3.34,11.7
336,Grover Zampa,11.9,0.695,0.53,3.4,0.128,7,21,0.9992,0.84,3.17,12.2
337,Seagram,8.9,0.43,0.45,1.9,0.052,6,16,0.9948,0.7,3.35,12.5
338,Sula Vineyards,7.8,0.43,0.32,2.8,0.08,29,58,0.9974,0.64,3.31,10.3
339,Seagram,12.4,0.49,0.58,3,0.103,28,99,1.0008,1,3.16,11.5
340,Grover Zampa,12.5,0.28,0.54,2.3,0.082,12,29,0.9997,1.36,3.11,9.8
341,Seagram,12.2,0.34,0.5,2.4,0.066,10,21,1,1.18,3.12,9.2
342,Seagram,10.6,0.42,0.48,2.7,0.065,5,18,0.9972,0.87,3.21,11.3
343,Seagram,10.9,0.39,0.47,1.8,0.118,6,14,0.9982,0.75,3.3,9.8
344,Grover Zampa,10.9,0.39,0.47,1.8,0.118,6,14,0.9982,0.75,3.3,9.8
345,Seagram,11.9,0.57,0.5,2.6,0.082,6,32,1.0006,0.78,3.12,10.7
346,Sula Vineyards,7,0.685,0,1.9,0.067,40,63,0.9979,0.81,3.6,9.9
347,Grover Zampa,6.6,0.815,0.02,2.7,0.072,17,34,0.9955,0.89,3.58,12.3
348,Grover Zampa,13.8,0.49,0.67,3,0.093,6,15,0.9986,0.93,3.02,12
349,Seagram,9.6,0.56,0.31,2.8,0.089,15,46,0.9979,0.92,3.11,10
350,Seagram,9.1,0.785,0,2.6,0.093,11,28,0.9994,0.86,3.36,9.4
351,Seagram,10.7,0.67,0.22,2.7,0.107,17,34,1.0004,0.98,3.28,9.9
352,Seagram,9.1,0.795,0,2.6,0.096,11,26,0.9994,0.83,3.35,9.4
353,Sula Vineyards,7.7,0.665,0,2.4,0.09,8,19,0.9974,0.73,3.27,9.3
354,Sula Vineyards,13.5,0.53,0.79,4.8,0.12,23,77,1.0018,0.77,3.18,10.06
355,Grover Zampa,6.1,0.21,0.4,1.4,0.066,40.5,165,0.9912,0.59,3.25,11.9
356,Seagram,6.7,0.75,0.01,2.4,0.078,17,32,0.9955,0.61,3.55,12.8
357,Grover Zampa,11.5,0.41,0.52,3,0.08,29,55,1.0001,0.88,3.26,11
358,Grover Zampa,10.5,0.42,0.66,2.95,0.116,12,29,0.997,0.75,3.24,11.7
359,Grover Zampa,11.9,0.43,0.66,3.1,0.109,10,23,1,0.85,3.15,10.4
360,Seagram,12.6,0.38,0.66,2.6,0.088,10,41,1.001,0.68,3.17,9.8
361,Sula Vineyards,8.2,0.7,0.23,2,0.099,14,81,0.9973,0.7,3.19,9.4
362,Grover Zampa,8.6,0.45,0.31,2.6,0.086,21,50,0.9982,0.91,3.37,9.9
363,Sula Vineyards,11.9,0.58,0.66,2.5,0.072,6,37,0.9992,0.56,3.05,10
364,Sula Vineyards,12.5,0.46,0.63,2,0.071,6,15,0.9988,0.87,2.99,10.2
365,Grover Zampa,12.8,0.615,0.66,5.8,0.083,7,42,1.0022,0.73,3.07,10
366,Seagram,10,0.42,0.5,3.4,0.107,7,21,0.9979,0.93,3.26,11.8
367,Grover Zampa,12.8,0.615,0.66,5.8,0.083,7,42,1.0022,0.73,3.07,10
368,Sula Vineyards,10.4,0.575,0.61,2.6,0.076,11,24,1,0.69,3.16,9
369,Sula Vineyards,10.3,0.34,0.52,2.8,0.159,15,75,0.9998,0.64,3.18,9.4
370,Grover Zampa,9.4,0.27,0.53,2.4,0.074,6,18,0.9962,1.13,3.2,12
371,Grover Zampa,6.9,0.765,0.02,2.3,0.063,35,63,0.9975,0.78,3.57,9.9
372,Seagram,7.9,0.24,0.4,1.6,0.056,11,25,0.9967,0.87,3.32,8.7
373,Seagram,9.1,0.28,0.48,1.8,0.067,26,46,0.9967,1.04,3.32,10.6
374,Sula Vineyards,7.4,0.55,0.22,2.2,0.106,12,72,0.9959,0.63,3.05,9.2
375,Grover Zampa,14,0.41,0.63,3.8,0.089,6,47,1.0014,0.81,3.01,10.8
376,Grover Zampa,11.5,0.54,0.71,4.4,0.124,6,15,0.9984,0.83,3.01,11.8
377,Seagram,11.5,0.45,0.5,3,0.078,19,47,1.0003,1.11,3.26,11
378,Grover Zampa,9.4,0.27,0.53,2.4,0.074,6,18,0.9962,1.13,3.2,12
379,Grover Zampa,11.4,0.625,0.66,6.2,0.088,6,24,0.9988,0.99,3.11,10.06
380,Seagram,8.3,0.42,0.38,2.5,0.094,24,60,0.9979,0.7,3.31,10.8
381,Seagram,8.3,0.26,0.42,2,0.08,11,27,0.9974,0.8,3.21,9.4
382,Seagram,13.7,0.415,0.68,2.9,0.085,17,43,1.0014,0.8,3.06,10
383,Grover Zampa,8.3,0.26,0.42,2,0.08,11,27,0.9974,0.8,3.21,9.4
384,Seagram,8.3,0.26,0.42,2,0.08,11,27,0.9974,0.8,3.21,9.4
385,Sula Vineyards,7.7,0.51,0.28,2.1,0.087,23,54,0.998,0.74,3.42,9.2
387,Grover Zampa,7.8,0.54,0.26,2,0.088,23,48,0.9981,0.74,3.41,9.2
389,Seagram,7.8,0.46,0.26,1.9,0.088,23,53,0.9981,0.74,3.43,9.2
390,Grover Zampa,9.6,0.38,0.31,2.5,0.096,16,49,0.9982,0.7,3.19,10
391,Grover Zampa,5.6,0.85,0.05,1.4,0.045,12,88,0.9924,0.82,3.56,12.9
392,Seagram,13.7,0.415,0.68,2.9,0.085,17,43,1.0014,0.8,3.06,10
394,Sula Vineyards,8.4,0.665,0.61,2,0.112,13,95,0.997,0.54,3.16,9.1
395,Sula Vineyards,12.7,0.6,0.65,2.3,0.063,6,25,0.9997,0.57,3.03,9.9
396,Grover Zampa,12,0.37,0.76,4.2,0.066,7,38,1.0004,0.6,3.22,10.06
397,Sula Vineyards,6.6,0.735,0.02,7.9,0.122,68,124,0.9994,0.53,3.47,9.9
398,Seagram,11.5,0.59,0.59,2.6,0.087,13,49,0.9988,0.65,3.18,11
399,Seagram,11.5,0.59,0.59,2.6,0.087,13,49,0.9988,0.65,3.18,11
400,Grover Zampa,8.7,0.765,0.22,2.3,0.064,9,42,0.9963,0.55,3.1,9.4
401,Sula Vineyards,6.6,0.735,0.02,7.9,0.122,68,124,0.9994,0.53,3.47,9.9
402,Grover Zampa,7.7,0.26,0.3,1.7,0.059,20,38,0.9949,0.47,3.29,10.8
403,Grover Zampa,12.2,0.48,0.54,2.6,0.085,19,64,1,0.61,3.1,10.5
404,Seagram,11.4,0.6,0.49,2.7,0.085,10,41,0.9994,0.63,3.15,10.5
405,Sula Vineyards,7.7,0.69,0.05,2.7,0.075,15,27,0.9974,0.61,3.26,9.1
406,Seagram,8.7,0.31,0.46,1.4,0.059,11,25,0.9966,0.76,3.36,10.1
407,Seagram,9.8,0.44,0.47,2.5,0.063,9,28,0.9981,0.65,3.24,10.8
408,Grover Zampa,12,0.39,0.66,3,0.093,12,30,0.9996,0.63,3.18,10.8
409,Grover Zampa,10.4,0.34,0.58,3.7,0.174,6,16,0.997,0.7,3.19,11.3
411,Seagram,9,0.43,0.34,2.5,0.08,26,86,0.9987,0.62,3.38,9.5
412,Sula Vineyards,9.1,0.45,0.35,2.4,0.08,23,78,0.9987,0.62,3.38,9.5
413,Sula Vineyards,7.1,0.735,0.16,1.9,0.1,15,77,0.9966,0.64,3.27,9.3
414,Grover Zampa,9.9,0.4,0.53,6.7,0.097,6,19,0.9986,0.82,3.27,11.7
415,Sula Vineyards,8.8,0.52,0.34,2.7,0.087,24,122,0.9982,0.61,3.26,9.5
416,Sula Vineyards,8.6,0.725,0.24,6.6,0.117,31,134,1.0014,1.07,3.32,9.3
417,Grover Zampa,10.6,0.48,0.64,2.2,0.111,6,20,0.997,0.66,3.26,11.7
418,Grover Zampa,7,0.58,0.12,1.9,0.091,34,124,0.9956,0.48,3.44,10.5
419,Seagram,11.9,0.38,0.51,2,0.121,7,20,0.9996,0.76,3.24,10.4
420,Sula Vineyards,6.8,0.77,0,1.8,0.066,34,52,0.9976,0.68,3.62,9.9
421,Grover Zampa,9.5,0.56,0.33,2.4,0.089,35,67,0.9972,0.73,3.28,11.8
422,Grover Zampa,6.6,0.84,0.03,2.3,0.059,32,48,0.9952,0.56,3.52,12.3
423,Sula Vineyards,7.7,0.96,0.2,2,0.047,15,60,0.9955,0.44,3.36,10.9
424,Grover Zampa,10.5,0.24,0.47,2.1,0.066,6,24,0.9978,0.9,3.15,11
425,Sula Vineyards,7.7,0.96,0.2,2,0.047,15,60,0.9955,0.44,3.36,10.9
426,Grover Zampa,6.6,0.84,0.03,2.3,0.059,32,48,0.9952,0.56,3.52,12.3
427,Seagram,6.4,0.67,0.08,2.1,0.045,19,48,0.9949,0.49,3.49,11.4
428,Grover Zampa,9.5,0.78,0.22,1.9,0.077,6,32,0.9988,0.56,3.26,10.6
429,Sula Vineyards,9.1,0.52,0.33,1.3,0.07,9,30,0.9978,0.6,3.24,9.3
430,Seagram,12.8,0.84,0.63,2.4,0.088,13,35,0.9997,0.6,3.1,10.4
431,Grover Zampa,10.5,0.24,0.47,2.1,0.066,6,24,0.9978,0.9,3.15,11
432,Sula Vineyards,7.8,0.55,0.35,2.2,0.074,21,66,0.9974,0.56,3.25,9.2
433,Seagram,11.9,0.37,0.69,2.3,0.078,12,24,0.9958,0.65,3,12.8
434,Sula Vineyards,12.3,0.39,0.63,2.3,0.091,6,18,1.0004,0.49,3.16,9.5
435,Seagram,10.4,0.41,0.55,3.2,0.076,22,54,0.9996,0.89,3.15,9.9
436,Sula Vineyards,12.3,0.39,0.63,2.3,0.091,6,18,1.0004,0.49,3.16,9.5
437,Grover Zampa,8,0.67,0.3,2,0.06,38,62,0.9958,0.56,3.26,10.2
438,Grover Zampa,11.1,0.45,0.73,3.2,0.066,6,22,0.9986,0.66,3.17,11.2
439,Seagram,10.4,0.41,0.55,3.2,0.076,22,54,0.9996,0.89,3.15,9.9
440,Grover Zampa,7,0.62,0.18,1.5,0.062,7,50,0.9951,0.6,3.08,9.3
441,Grover Zampa,12.6,0.31,0.72,2.2,0.072,6,29,0.9987,0.82,2.88,9.8
442,Seagram,11.9,0.4,0.65,2.15,0.068,7,27,0.9988,0.68,3.06,11.3
443,Grover Zampa,15.6,0.685,0.76,3.7,0.1,6,43,1.0032,0.68,2.95,11.2
444,Grover Zampa,10,0.44,0.49,2.7,0.077,11,19,0.9963,0.63,3.23,11.6
445,Grover Zampa,5.3,0.57,0.01,1.7,0.054,5,27,0.9934,0.84,3.57,12.5
446,Seagram,9.5,0.735,0.1,2.1,0.079,6,31,0.9986,0.56,3.23,10.1
447,Sula Vineyards,12.5,0.38,0.6,2.6,0.081,31,72,0.9996,0.73,3.1,10.5
448,Sula Vineyards,9.3,0.48,0.29,2.1,0.127,6,16,0.9968,0.72,3.22,11.2
449,Grover Zampa,8.6,0.53,0.22,2,0.1,7,27,0.9967,0.56,3.2,10.2
450,Seagram,11.9,0.39,0.69,2.8,0.095,17,35,0.9994,0.61,3.1,10.8
451,Seagram,11.9,0.39,0.69,2.8,0.095,17,35,0.9994,0.61,3.1,10.8
452,Seagram,8.4,0.37,0.53,1.8,0.413,9,26,0.9979,1.06,3.06,9.1
453,Grover Zampa,6.8,0.56,0.03,1.7,0.084,18,35,0.9968,0.63,3.44,10
454,Grover Zampa,10.4,0.33,0.63,2.8,0.084,5,22,0.9998,0.74,3.26,11.2
455,Sula Vineyards,7,0.23,0.4,1.6,0.063,21,67,0.9952,0.63,3.5,11.1
456,Grover Zampa,11.3,0.62,0.67,5.2,0.086,6,19,0.9988,0.69,3.22,10.06
457,Sula Vineyards,8.9,0.59,0.39,2.3,0.095,5,22,0.9986,0.58,3.37,10.3
459,Grover Zampa,10.4,0.33,0.63,2.8,0.084,5,22,0.9998,0.74,3.26,11.2
460,Grover Zampa,11.6,0.58,0.66,2.2,0.074,10,47,1.0008,0.57,3.25,9
461,Seagram,9.2,0.43,0.52,2.3,0.083,14,23,0.9976,0.61,3.35,11.3
462,Sula Vineyards,8.3,0.615,0.22,2.6,0.087,6,19,0.9982,0.61,3.26,9.3
463,Grover Zampa,11,0.26,0.68,2.55,0.085,10,25,0.997,0.61,3.18,11.8
464,Sula Vineyards,8.1,0.66,0.7,2.2,0.098,25,129,0.9972,0.53,3.08,9
465,Grover Zampa,11.5,0.315,0.54,2.1,0.084,5,15,0.9987,0.7,2.98,9.2
467,Seagram,10.3,0.5,0.42,2,0.069,21,51,0.9982,0.72,3.16,11.5
468,Seagram,8.8,0.46,0.45,2.6,0.065,7,18,0.9947,0.79,3.32,10.26666667
469,Grover Zampa,11.4,0.36,0.69,2.1,0.09,6,21,1,0.62,3.17,9.2
470,Sula Vineyards,8.7,0.82,0.02,1.2,0.07,36,48,0.9952,0.58,3.2,9.8
471,Sula Vineyards,13,0.32,0.65,2.6,0.093,15,47,0.9996,0.61,3.05,10.6
472,Seagram,9.6,0.54,0.42,2.4,0.081,25,52,0.997,0.71,3.2,11.4
473,Seagram,12.5,0.37,0.55,2.6,0.083,25,68,0.9995,0.82,3.15,10.4
474,Sula Vineyards,9.9,0.35,0.55,2.1,0.062,5,14,0.9971,0.79,3.26,10.6
475,Seagram,10.5,0.28,0.51,1.7,0.08,10,24,0.9982,0.89,3.2,9.4
476,Grover Zampa,9.6,0.68,0.24,2.2,0.087,5,28,0.9988,0.6,3.14,10.2
478,Grover Zampa,10.4,0.24,0.49,1.8,0.075,6,20,0.9977,1.06,3.18,11
479,Sula Vineyards,9.6,0.68,0.24,2.2,0.087,5,28,0.9988,0.6,3.14,10.2
480,Grover Zampa,9.4,0.685,0.11,2.7,0.077,6,31,0.9984,0.7,3.19,10.1
481,Sula Vineyards,10.6,0.28,0.39,15.5,0.069,6,23,1.0026,0.66,3.12,9.2
482,Grover Zampa,9.4,0.3,0.56,2.8,0.08,6,17,0.9964,0.92,3.15,11.7
483,Sula Vineyards,10.6,0.36,0.59,2.2,0.152,6,18,0.9986,1.05,3.04,9.4
484,Sula Vineyards,10.6,0.36,0.6,2.2,0.152,7,18,0.9986,1.06,3.04,9.4
485,Seagram,10.6,0.44,0.68,4.1,0.114,6,24,0.997,0.66,3.06,10.06
486,Grover Zampa,10.2,0.67,0.39,1.9,0.054,6,17,0.9976,0.47,3.17,10
487,Sula Vineyards,10.2,0.67,0.39,1.9,0.054,6,17,0.9976,0.47,3.17,10
488,Grover Zampa,10.2,0.645,0.36,1.8,0.053,5,14,0.9982,0.42,3.17,10
489,Grover Zampa,11.6,0.32,0.55,2.8,0.081,35,67,1.0002,0.92,3.32,10.8
490,Seagram,9.3,0.39,0.4,2.6,0.073,10,26,0.9984,0.75,3.34,10.2
491,Seagram,9.3,0.775,0.27,2.8,0.078,24,56,0.9984,0.67,3.31,10.6
492,Grover Zampa,9.2,0.41,0.5,2.5,0.055,12,25,0.9952,0.79,3.34,10.06
493,Grover Zampa,8.9,0.4,0.51,2.6,0.052,13,27,0.995,0.9,3.32,10.06
494,Seagram,8.7,0.69,0.31,3,0.086,23,81,1.0002,0.74,3.48,11.6
495,Grover Zampa,6.5,0.39,0.23,8.3,0.051,28,91,0.9952,0.55,3.44,12.1
496,Grover Zampa,10.7,0.35,0.53,2.6,0.07,5,16,0.9972,0.65,3.15,11
497,Grover Zampa,7.8,0.52,0.25,1.9,0.081,14,38,0.9984,0.65,3.43,9
498,Sula Vineyards,7.2,0.34,0.32,2.5,0.09,43,113,0.9966,0.79,3.32,11.1
499,Grover Zampa,10.7,0.35,0.53,2.6,0.07,5,16,0.9972,0.65,3.15,11
500,Grover Zampa,8.7,0.69,0.31,3,0.086,23,81,1.0002,0.74,3.48,11.6
501,Grover Zampa,7.8,0.52,0.25,1.9,0.081,14,38,0.9984,0.65,3.43,9
502,Grover Zampa,10.4,0.44,0.73,6.55,0.074,38,76,0.999,0.85,3.17,12
503,Grover Zampa,10.4,0.44,0.73,6.55,0.074,38,76,0.999,0.85,3.17,12
504,Grover Zampa,10.5,0.26,0.47,1.9,0.078,6,24,0.9976,1.04,3.18,10.9
505,Grover Zampa,10.5,0.24,0.42,1.8,0.077,6,22,0.9976,1.05,3.21,10.8
506,Grover Zampa,10.2,0.49,0.63,2.9,0.072,10,26,0.9968,0.78,3.16,12.5
507,Grover Zampa,10.4,0.24,0.46,1.8,0.075,6,21,0.9976,1.02,3.25,10.8
508,Seagram,11.2,0.67,0.55,2.3,0.084,6,13,1,0.71,3.17,9.5
509,Seagram,10,0.59,0.31,2.2,0.09,26,62,0.9994,0.63,3.18,10.2
510,Grover Zampa,13.3,0.29,0.75,2.8,0.084,23,43,0.9986,0.68,3.04,11.4
511,Sula Vineyards,12.4,0.42,0.49,4.6,0.073,19,43,0.9978,0.61,3.02,9.5
512,Seagram,10,0.59,0.31,2.2,0.09,26,62,0.9994,0.63,3.18,10.2
514,Grover Zampa,10.5,0.51,0.64,2.4,0.107,6,15,0.9973,0.66,3.09,11.8
515,Grover Zampa,10.5,0.51,0.64,2.4,0.107,6,15,0.9973,0.66,3.09,11.8
516,Sula Vineyards,8.5,0.655,0.49,6.1,0.122,34,151,1.001,1.14,3.31,9.3
517,Seagram,12.5,0.6,0.49,4.3,0.1,5,14,1.001,0.74,3.25,11.9
518,Grover Zampa,10.4,0.61,0.49,2.1,0.2,5,16,0.9994,0.63,3.16,8.4
519,Grover Zampa,10.9,0.21,0.49,2.8,0.088,11,32,0.9972,0.68,3.22,11.7
520,Sula Vineyards,7.3,0.365,0.49,2.5,0.088,39,106,0.9966,0.78,3.36,11
521,Seagram,9.8,0.25,0.49,2.7,0.088,15,33,0.9982,0.9,3.42,10
522,Grover Zampa,7.6,0.41,0.49,2,0.088,16,43,0.998,0.64,3.48,9.1
523,Sula Vineyards,8.2,0.39,0.49,2.3,0.099,47,133,0.9979,0.99,3.38,9.8
524,Sula Vineyards,9.3,0.4,0.49,2.5,0.085,38,142,0.9978,0.55,3.22,9.4
525,Sula Vineyards,9.2,0.43,0.49,2.4,0.086,23,116,0.9976,0.64,3.23,9.5
526,Sula Vineyards,10.4,0.64,0.24,2.8,0.105,29,53,0.9998,0.67,3.24,9.9
527,Sula Vineyards,7.3,0.365,0.49,2.5,0.088,39,106,0.9966,0.78,3.36,11
528,Seagram,7,0.38,0.49,2.5,0.097,33,85,0.9962,0.77,3.39,11.4
529,Seagram,8.2,0.42,0.49,2.6,0.084,32,55,0.9988,0.75,3.34,8.7
530,Grover Zampa,9.9,0.63,0.24,2.4,0.077,6,33,0.9974,0.57,3.09,9.4
531,Seagram,9.1,0.22,0.24,2.1,0.078,1,28,0.999,0.87,3.41,10.3
532,Sula Vineyards,11.9,0.38,0.49,2.7,0.098,12,42,1.0004,0.61,3.16,10.3
533,Sula Vineyards,11.9,0.38,0.49,2.7,0.098,12,42,1.0004,0.61,3.16,10.3
534,Grover Zampa,10.3,0.27,0.24,2.1,0.072,15,33,0.9956,0.66,3.22,12.8
535,Grover Zampa,10,0.48,0.24,2.7,0.102,13,32,1,0.56,3.28,10
536,Seagram,9.1,0.22,0.24,2.1,0.078,1,28,0.999,0.87,3.41,10.3
537,Sula Vineyards,9.9,0.63,0.24,2.4,0.077,6,33,0.9974,0.57,3.09,9.4
538,Seagram,8.1,0.825,0.24,2.1,0.084,5,13,0.9972,0.77,3.37,10.7
539,Grover Zampa,12.9,0.35,0.49,5.8,0.066,5,35,1.0014,0.66,3.2,12
540,Sula Vineyards,11.2,0.5,0.74,5.15,0.1,5,17,0.9996,0.62,3.22,11.2
542,Seagram,9.5,0.46,0.49,6.3,0.064,5,17,0.9988,0.73,3.21,11
543,Sula Vineyards,9.3,0.715,0.24,2.1,0.07,5,20,0.9966,0.59,3.12,9.9
544,Seagram,11.2,0.66,0.24,2.5,0.085,16,53,0.9993,0.72,3.06,11
545,Grover Zampa,14.3,0.31,0.74,1.8,0.075,6,15,1.0008,0.79,2.86,8.4
546,Sula Vineyards,9.1,0.47,0.49,2.6,0.094,38,106,0.9982,0.59,3.08,9.1
547,Grover Zampa,7.5,0.55,0.24,2,0.078,10,28,0.9983,0.78,3.45,9.5
548,Seagram,10.6,0.31,0.49,2.5,0.067,6,21,0.9987,0.86,3.26,10.7
549,Seagram,12.4,0.35,0.49,2.6,0.079,27,69,0.9994,0.75,3.12,10.4
550,Seagram,9,0.53,0.49,1.9,0.171,6,25,0.9975,0.61,3.27,9.4
551,Seagram,6.8,0.51,0.01,2.1,0.074,9,25,0.9958,0.56,3.33,9.5
552,Grover Zampa,9.4,0.43,0.24,2.8,0.092,14,45,0.998,0.73,3.19,10
553,Grover Zampa,9.5,0.46,0.24,2.7,0.092,14,44,0.998,0.74,3.12,10
554,Grover Zampa,5,1.04,0.24,1.6,0.05,32,96,0.9934,0.62,3.74,11.5
555,Sula Vineyards,15.5,0.645,0.49,4.2,0.095,10,23,1.00315,0.74,2.92,11.1
556,Sula Vineyards,15.5,0.645,0.49,4.2,0.095,10,23,1.00315,0.74,2.92,11.1
557,Seagram,10.9,0.53,0.49,4.6,0.118,10,17,1.0002,0.56,3.07,11.7
558,Sula Vineyards,15.6,0.645,0.49,4.2,0.095,10,23,1.00315,0.74,2.92,11.1
559,Seagram,10.9,0.53,0.49,4.6,0.118,10,17,1.0002,0.56,3.07,11.7
560,Seagram,13,0.47,0.49,4.3,0.085,6,47,1.0021,0.68,3.3,12.7
561,Sula Vineyards,12.7,0.6,0.49,2.8,0.075,5,19,0.9994,0.57,3.14,11.4
562,Sula Vineyards,9,0.44,0.49,2.4,0.078,26,121,0.9978,0.58,3.23,9.2
563,Grover Zampa,9,0.54,0.49,2.9,0.094,41,110,0.9982,0.61,3.08,9.2
564,Seagram,7.6,0.29,0.49,2.7,0.092,25,60,0.9971,0.61,3.31,10.1
565,Seagram,13,0.47,0.49,4.3,0.085,6,47,1.0021,0.68,3.3,12.7
566,Sula Vineyards,12.7,0.6,0.49,2.8,0.075,5,19,0.9994,0.57,3.14,11.4
567,Grover Zampa,8.7,0.7,0.24,2.5,0.226,5,15,0.9991,0.6,3.32,9
568,Grover Zampa,8.7,0.7,0.24,2.5,0.226,5,15,0.9991,0.6,3.32,9
569,Seagram,9.8,0.5,0.49,2.6,0.25,5,20,0.999,0.79,3.31,10.7
570,Seagram,6.2,0.36,0.24,2.2,0.095,19,42,0.9946,0.57,3.57,11.7
571,Seagram,11.5,0.35,0.49,3.3,0.07,10,37,1.0003,0.91,3.32,11
572,Seagram,6.2,0.36,0.24,2.2,0.095,19,42,0.9946,0.57,3.57,11.7
573,Sula Vineyards,10.2,0.24,0.49,2.4,0.075,10,28,0.9978,0.61,3.14,10.4
575,Grover Zampa,10.6,0.34,0.49,3.2,0.078,20,78,0.9992,0.7,3.19,10
576,Seagram,12.3,0.27,0.49,3.1,0.079,28,46,0.9993,0.8,3.2,10.2
577,Grover Zampa,9.9,0.5,0.24,2.3,0.103,6,14,0.9978,0.52,3.34,10
578,Sula Vineyards,8.8,0.44,0.49,2.8,0.083,18,111,0.9982,0.6,3.3,9.5
579,Grover Zampa,8.8,0.47,0.49,2.9,0.085,17,110,0.9982,0.6,3.29,9.8
580,Seagram,10.6,0.31,0.49,2.2,0.063,18,40,0.9976,0.51,3.14,9.8
583,Sula Vineyards,11.7,0.49,0.49,2.2,0.083,5,15,1,0.43,3.19,9.2
584,Grover Zampa,12,0.28,0.49,1.9,0.074,10,21,0.9976,0.66,2.98,9.9
585,Grover Zampa,11.8,0.33,0.49,3.4,0.093,54,80,1.0002,0.76,3.3,10.7
587,Grover Zampa,11.1,0.31,0.49,2.7,0.094,16,47,0.9986,1.02,3.12,10.6
588,Sula Vineyards,7.3,0.73,0.24,1.9,0.108,18,102,0.9967,0.59,3.26,9.3
589,Grover Zampa,5,0.42,0.24,2,0.06,19,50,0.9917,0.74,3.72,10.26666667
590,Grover Zampa,10.2,0.29,0.49,2.6,0.059,5,13,0.9976,0.74,3.05,10.5
592,Seagram,6.6,0.39,0.49,1.7,0.07,23,149,0.9922,0.5,3.12,11.5
594,Grover Zampa,9.9,0.49,0.58,3.5,0.094,9,43,1.0004,0.58,3.29,9
595,Sula Vineyards,7.9,0.72,0.17,2.6,0.096,20,38,0.9978,0.53,3.4,9.5
596,Sula Vineyards,8.9,0.595,0.41,7.9,0.086,30,109,0.9998,0.57,3.27,9.3
597,Seagram,12.4,0.4,0.51,2,0.059,6,24,0.9994,0.6,3.04,9.3
598,Grover Zampa,11.9,0.58,0.58,1.9,0.071,5,18,0.998,0.63,3.09,10
599,Seagram,8.5,0.585,0.18,2.1,0.078,5,30,0.9967,0.48,3.2,9.8
600,Grover Zampa,12.7,0.59,0.45,2.3,0.082,11,22,1,0.7,3,9.3
601,Grover Zampa,8.2,0.915,0.27,2.1,0.088,7,23,0.9962,0.47,3.26,10
602,Seagram,13.2,0.46,0.52,2.2,0.071,12,35,1.0006,0.56,3.1,9
603,Sula Vineyards,7.7,0.835,0,2.6,0.081,6,14,0.9975,0.52,3.3,9.3
604,Seagram,13.2,0.46,0.52,2.2,0.071,12,35,1.0006,0.56,3.1,9
605,Seagram,8.3,0.58,0.13,2.9,0.096,14,63,0.9984,0.62,3.17,9.1
606,Seagram,8.3,0.6,0.13,2.6,0.085,6,24,0.9984,0.59,3.31,9.2
607,Grover Zampa,9.4,0.41,0.48,4.6,0.072,10,20,0.9973,0.79,3.34,12.2
608,Seagram,8.8,0.48,0.41,3.3,0.092,26,52,0.9982,0.53,3.31,10.5
609,Seagram,10.1,0.65,0.37,5.1,0.11,11,65,1.0026,0.64,3.32,10.4
610,Seagram,6.3,0.36,0.19,3.2,0.075,15,39,0.9956,0.52,3.56,12.7
611,Sula Vineyards,8.8,0.24,0.54,2.5,0.083,25,57,0.9983,0.54,3.39,9.2
612,Grover Zampa,13.2,0.38,0.55,2.7,0.081,5,16,1.0006,0.54,2.98,9.4
613,Grover Zampa,7.5,0.64,0,2.4,0.077,18,29,0.9965,0.6,3.32,10
614,Sula Vineyards,8.2,0.39,0.38,1.5,0.058,10,29,0.9962,0.74,3.26,9.8
615,Seagram,9.2,0.755,0.18,2.2,0.148,10,103,0.9969,1.36,2.87,10.2
618,Seagram,11.5,0.31,0.51,2.2,0.079,14,28,0.9982,0.93,3.03,9.8
619,Sula Vineyards,11.4,0.46,0.5,2.7,0.122,4,17,1.0006,0.7,3.13,10.2
620,Sula Vineyards,11.3,0.37,0.41,2.3,0.088,6,16,0.9988,0.8,3.09,9.3
621,Grover Zampa,8.3,0.54,0.24,3.4,0.076,16,112,0.9976,0.61,3.27,9.4
622,Sula Vineyards,8.2,0.56,0.23,3.4,0.078,14,104,0.9976,0.62,3.28,9.4
623,Sula Vineyards,10,0.58,0.22,1.9,0.08,9,32,0.9974,0.55,3.13,9.5
624,Seagram,7.9,0.51,0.25,2.9,0.077,21,45,0.9974,0.96,3.49,12.1
625,Sula Vineyards,6.8,0.69,0,5.6,0.124,21,58,0.9997,0.72,3.46,10.2
626,Grover Zampa,6.8,0.69,0,5.6,0.124,21,58,0.9997,0.72,3.46,10.2
627,Sula Vineyards,8.8,0.6,0.29,2.2,0.098,5,15,0.9988,0.49,3.36,9.1
628,Sula Vineyards,8.8,0.6,0.29,2.2,0.098,5,15,0.9988,0.49,3.36,9.1
629,Seagram,8.7,0.54,0.26,2.5,0.097,7,31,0.9976,0.6,3.27,9.3
630,Sula Vineyards,7.6,0.685,0.23,2.3,0.111,20,84,0.9964,0.61,3.21,9.3
631,Seagram,8.7,0.54,0.26,2.5,0.097,7,31,0.9976,0.6,3.27,9.3
632,Sula Vineyards,10.4,0.28,0.54,2.7,0.105,5,19,0.9988,0.63,3.25,9.5
633,Seagram,7.6,0.41,0.14,3,0.087,21,43,0.9964,0.57,3.32,10.5
634,Grover Zampa,10.1,0.935,0.22,3.4,0.105,11,86,1.001,0.64,3.43,11.3
635,Sula Vineyards,7.9,0.35,0.21,1.9,0.073,46,102,0.9964,0.58,3.27,9.5
637,Sula Vineyards,9.6,0.88,0.28,2.4,0.086,30,147,0.9979,0.53,3.24,9.4
638,Sula Vineyards,9.5,0.885,0.27,2.3,0.084,31,145,0.9978,0.53,3.24,9.4
639,Grover Zampa,7.7,0.915,0.12,2.2,0.143,7,23,0.9964,0.65,3.35,10.2
640,Seagram,8.9,0.29,0.35,1.9,0.067,25,57,0.997,1.36,3.18,10.3
641,Sula Vineyards,9.9,0.54,0.45,2.3,0.071,16,40,0.9991,0.62,3.39,9.4
642,Sula Vineyards,9.5,0.59,0.44,2.3,0.071,21,68,0.9992,0.63,3.46,9.5
643,Grover Zampa,9.9,0.54,0.45,2.3,0.071,16,40,0.9991,0.62,3.39,9.4
644,Grover Zampa,9.5,0.59,0.44,2.3,0.071,21,68,0.9992,0.63,3.46,9.5
645,Sula Vineyards,9.9,0.54,0.45,2.3,0.071,16,40,0.9991,0.62,3.39,9.4
646,Grover Zampa,7.8,0.64,0.1,6,0.115,5,11,0.9984,0.69,3.37,10.1
647,Sula Vineyards,7.3,0.67,0.05,3.6,0.107,6,20,0.9972,0.63,3.4,10.1
648,Grover Zampa,8.3,0.845,0.01,2.2,0.07,5,14,0.9967,0.58,3.32,11
649,Grover Zampa,8.7,0.48,0.3,2.8,0.066,10,28,0.9964,0.67,3.33,11.2
650,Grover Zampa,6.7,0.42,0.27,8.6,0.068,24,148,0.9948,0.57,3.16,11.3
652,Sula Vineyards,9.8,0.88,0.25,2.5,0.104,35,155,1.001,0.67,3.41,11.2
653,Grover Zampa,15.9,0.36,0.65,7.5,0.096,22,71,0.9976,0.84,2.98,10.26666667
654,Seagram,9.4,0.33,0.59,2.8,0.079,9,30,0.9976,0.54,3.12,12
655,Sula Vineyards,8.6,0.47,0.47,2.4,0.074,7,29,0.9979,0.46,3.08,9.5
656,Sula Vineyards,9.7,0.55,0.17,2.9,0.087,20,53,1.0004,0.61,3.14,9.4
658,Grover Zampa,12,0.5,0.59,1.4,0.073,23,42,0.998,0.68,2.92,10.5
660,Grover Zampa,7.1,0.84,0.02,4.4,0.096,5,13,0.997,0.57,3.41,11
662,Sula Vineyards,7.5,0.42,0.31,1.6,0.08,15,42,0.9978,0.64,3.31,9
664,Seagram,10.1,0.28,0.46,1.8,0.05,5,13,0.9974,0.79,3.04,10.2
665,Grover Zampa,12.1,0.4,0.52,2,0.092,15,54,1,0.66,3.03,10.2
667,Seagram,8.3,0.49,0.36,1.8,0.222,6,16,0.998,0.6,3.18,9.5
668,Seagram,11.3,0.34,0.45,2,0.082,6,15,0.9988,0.66,2.94,9.2
669,Sula Vineyards,10,0.73,0.43,2.3,0.059,15,31,0.9966,0.57,3.15,11
670,Seagram,11.3,0.34,0.45,2,0.082,6,15,0.9988,0.66,2.94,9.2
671,Sula Vineyards,6.9,0.4,0.24,2.5,0.083,30,45,0.9959,0.58,3.26,10
672,Sula Vineyards,8.2,0.73,0.21,1.7,0.074,5,13,0.9968,0.52,3.2,9.5
673,Sula Vineyards,9.8,1.24,0.34,2,0.079,32,151,0.998,0.53,3.15,9.5
674,Sula Vineyards,8.2,0.73,0.21,1.7,0.074,5,13,0.9968,0.52,3.2,9.5
675,Seagram,10.8,0.4,0.41,2.2,0.084,7,17,0.9984,0.67,3.08,9.3
676,Sula Vineyards,9.3,0.41,0.39,2.2,0.064,12,31,0.9984,0.65,3.26,10.2
677,Seagram,10.8,0.4,0.41,2.2,0.084,7,17,0.9984,0.67,3.08,9.3
678,Grover Zampa,8.6,0.8,0.11,2.3,0.084,12,31,0.9979,0.48,3.4,9.9
679,Sula Vineyards,8.3,0.78,0.1,2.6,0.081,45,87,0.9983,0.53,3.48,10
681,Sula Vineyards,13.3,0.43,0.58,1.9,0.07,15,40,1.0004,0.49,3.06,9
682,Seagram,8,0.45,0.23,2.2,0.094,16,29,0.9962,0.49,3.21,10.2
683,Sula Vineyards,8.5,0.46,0.31,2.25,0.078,32,58,0.998,0.54,3.33,9.8
684,Sula Vineyards,8.1,0.78,0.23,2.6,0.059,5,15,0.997,0.56,3.37,11.3
685,Sula Vineyards,9.8,0.98,0.32,2.3,0.078,35,152,0.998,0.48,3.25,9.4
686,Grover Zampa,8.1,0.78,0.23,2.6,0.059,5,15,0.997,0.56,3.37,11.3
687,Sula Vineyards,7.1,0.65,0.18,1.8,0.07,13,40,0.997,0.6,3.44,9.1
689,Sula Vineyards,7.7,0.66,0.04,1.6,0.039,4,9,0.9962,0.47,3.4,9.4
690,Grover Zampa,8.1,0.38,0.48,1.8,0.157,5,17,0.9976,1.05,3.3,9.4
691,Grover Zampa,7.4,1.185,0,4.25,0.097,5,14,0.9966,0.54,3.63,10.7
692,Sula Vineyards,9.2,0.92,0.24,2.6,0.087,12,93,0.9998,0.54,3.48,9.8
693,Sula Vineyards,8.6,0.49,0.51,2,0.422,16,62,0.9979,1.17,3.03,9
694,Sula Vineyards,9,0.48,0.32,2.8,0.084,21,122,0.9984,0.62,3.32,9.4
695,Sula Vineyards,9,0.47,0.31,2.7,0.084,24,125,0.9984,0.61,3.31,9.4
696,Grover Zampa,5.1,0.47,0.02,1.3,0.034,18,44,0.9921,0.62,3.9,12.8
697,Seagram,7,0.65,0.02,2.1,0.066,8,25,0.9972,0.67,3.47,9.5
698,Grover Zampa,7,0.65,0.02,2.1,0.066,8,25,0.9972,0.67,3.47,9.5
700,Seagram,11.8,0.38,0.55,2.1,0.071,5,19,0.9986,0.62,3.11,10.8
701,Seagram,10.6,1.02,0.43,2.9,0.076,26,88,0.9984,0.57,3.08,10.1
702,Seagram,7,0.65,0.02,2.1,0.066,8,25,0.9972,0.67,3.47,9.5
703,Seagram,7,0.64,0.02,2.1,0.067,9,23,0.997,0.67,3.47,9.4
706,Sula Vineyards,8.4,1.035,0.15,6,0.073,11,54,0.999,0.49,3.37,9.9
707,Sula Vineyards,7,0.78,0.08,2,0.093,10,19,0.9956,0.47,3.4,10
708,Sula Vineyards,7.4,0.49,0.19,3,0.077,16,37,0.9966,0.51,3.37,10.5
709,Grover Zampa,7.8,0.545,0.12,2.5,0.068,11,35,0.996,0.61,3.34,11.6
710,Seagram,9.7,0.31,0.47,1.6,0.062,13,33,0.9983,0.66,3.27,10
711,Sula Vineyards,10.6,1.025,0.43,2.8,0.08,21,84,0.9985,0.57,3.06,10.1
712,Sula Vineyards,8.9,0.565,0.34,3,0.093,16,112,0.9998,0.61,3.38,9.5
713,Sula Vineyards,8.7,0.69,0,3.2,0.084,13,33,0.9992,0.45,3.36,9.4
714,Sula Vineyards,8,0.43,0.36,2.3,0.075,10,48,0.9976,0.46,3.34,9.4
715,Sula Vineyards,9.9,0.74,0.28,2.6,0.078,21,77,0.998,0.51,3.28,9.8
716,Seagram,7.2,0.49,0.18,2.7,0.069,13,34,0.9967,0.48,3.29,9.2
717,Sula Vineyards,8,0.43,0.36,2.3,0.075,10,48,0.9976,0.46,3.34,9.4
718,Sula Vineyards,7.6,0.46,0.11,2.6,0.079,12,49,0.9968,0.57,3.21,10
720,Sula Vineyards,7.1,0.66,0,3.9,0.086,17,45,0.9976,0.54,3.46,9.5
722,Sula Vineyards,8.9,0.48,0.24,2.85,0.094,35,106,0.9982,0.53,3.1,9.2
723,Sula Vineyards,7.6,0.42,0.08,2.7,0.084,15,48,0.9968,0.59,3.21,10
724,Sula Vineyards,7.1,0.31,0.3,2.2,0.053,36,127,0.9965,1.62,2.94,9.5
725,Grover Zampa,7.5,1.115,0.1,3.1,0.086,5,12,0.9958,0.6,3.54,11.2
726,Sula Vineyards,9,0.66,0.17,3,0.077,5,13,0.9976,0.55,3.29,10.4
727,Seagram,8.1,0.72,0.09,2.8,0.084,18,49,0.9994,0.72,3.43,11.1
728,Sula Vineyards,6.4,0.57,0.02,1.8,0.067,4,11,0.997,0.68,3.46,9.5
729,Sula Vineyards,6.4,0.57,0.02,1.8,0.067,4,11,0.997,0.68,3.46,9.5
730,Seagram,6.4,0.865,0.03,3.2,0.071,27,58,0.995,0.49,3.61,12.7
732,Sula Vineyards,8.9,0.875,0.13,3.45,0.088,4,14,0.9994,0.52,3.44,11.5
735,Sula Vineyards,7.7,0.56,0.2,2,0.075,9,39,0.9987,0.62,3.48,9.3
738,Seagram,8.2,0.59,0,2.5,0.093,19,58,1.0002,0.65,3.5,9.3
739,Sula Vineyards,9,0.46,0.23,2.8,0.092,28,104,0.9983,0.56,3.1,9.2
740,Sula Vineyards,9,0.69,0,2.4,0.088,19,38,0.999,0.6,3.35,9.3
741,Grover Zampa,8.3,0.76,0.29,4.2,0.075,12,16,0.9965,0.68,3.45,11.5
743,Sula Vineyards,6.5,0.615,0,1.9,0.065,9,18,0.9972,0.65,3.46,9.2
744,Sula Vineyards,11.6,0.41,0.58,2.8,0.096,25,101,1.00024,0.53,3.13,10
747,Seagram,8.2,0.34,0.38,2.5,0.08,12,57,0.9978,0.47,3.3,9
748,Sula Vineyards,8.6,0.33,0.4,2.6,0.083,16,68,0.99782,0.48,3.3,9.4
753,Sula Vineyards,7.6,0.54,0.13,2.5,0.097,24,66,0.99785,0.61,3.39,9.4
755,Seagram,7.8,0.48,0.68,1.7,0.415,14,32,0.99656,1.06,3.09,9.1
756,Seagram,7.8,0.91,0.07,1.9,0.058,22,47,0.99525,0.43,3.51,10.7
757,Seagram,6.3,0.98,0.01,2,0.057,15,33,0.99488,0.46,3.6,11.2
758,Sula Vineyards,8.1,0.87,0,2.2,0.084,10,31,0.99656,0.5,3.25,9.8
759,Sula Vineyards,8.1,0.87,0,2.2,0.084,10,31,0.99656,0.5,3.25,9.8
760,Sula Vineyards,8.8,0.42,0.21,2.5,0.092,33,88,0.99823,0.52,3.19,9.2
763,Seagram,8.8,0.7,0,1.7,0.069,8,19,0.99701,0.53,3.31,10
765,Seagram,9.1,0.68,0.11,2.8,0.093,11,44,0.99888,0.55,3.31,9.5
766,Grover Zampa,9.2,0.67,0.1,3,0.091,12,48,0.99888,0.54,3.31,9.5
767,Sula Vineyards,8.8,0.59,0.18,2.9,0.089,12,74,0.99738,0.54,3.14,9.4
768,Sula Vineyards,7.5,0.6,0.32,2.7,0.103,13,98,0.99938,0.62,3.45,9.5
772,Sula Vineyards,9.4,0.685,0.26,2.4,0.082,23,143,0.9978,0.55,3.28,9.4
773,Sula Vineyards,9.5,0.57,0.27,2.3,0.082,23,144,0.99782,0.55,3.27,9.4
774,Grover Zampa,7.9,0.4,0.29,1.8,0.157,1,44,0.9973,0.92,3.3,9.5
775,Seagram,7.9,0.4,0.3,1.8,0.157,2,45,0.99727,0.91,3.31,9.5
776,Sula Vineyards,7.2,1,0,3,0.102,7,16,0.99586,0.46,3.43,10
777,Seagram,6.9,0.765,0.18,2.4,0.243,5.5,48,0.99612,0.6,3.4,10.3
778,Seagram,6.9,0.635,0.17,2.4,0.241,6,18,0.9961,0.59,3.4,10.3
779,Sula Vineyards,8.3,0.43,0.3,3.4,0.079,7,34,0.99788,0.61,3.36,10.5
780,Sula Vineyards,7.1,0.52,0.03,2.6,0.076,21,92,0.99745,0.6,3.5,9.8
782,Sula Vineyards,6.5,0.46,0.14,2.4,0.114,9,37,0.99732,0.65,3.66,9.8
783,Sula Vineyards,9,0.82,0.05,2.4,0.081,26,96,0.99814,0.53,3.36,10
784,Sula Vineyards,6.5,0.46,0.14,2.4,0.114,9,37,0.99732,0.65,3.66,9.8
785,Sula Vineyards,7.1,0.59,0.01,2.5,0.077,20,85,0.99746,0.59,3.55,9.8
786,Sula Vineyards,9.9,0.35,0.41,2.3,0.083,11,61,0.9982,0.5,3.21,9.5
787,Sula Vineyards,9.9,0.35,0.41,2.3,0.083,11,61,0.9982,0.5,3.21,9.5
788,Seagram,10,0.56,0.24,2.2,0.079,19,58,0.9991,0.56,3.18,10.1
789,Seagram,10,0.56,0.24,2.2,0.079,19,58,0.9991,0.56,3.18,10.1
790,Sula Vineyards,8.6,0.63,0.17,2.9,0.099,21,119,0.998,0.52,3.09,9.3
794,Sula Vineyards,7.7,0.6,0,2.6,0.055,7,13,0.99639,0.56,3.38,10.8
795,Seagram,10.1,0.27,0.54,2.3,0.065,7,26,0.99531,0.53,3.17,12.5
796,Sula Vineyards,10.8,0.89,0.3,2.6,0.132,7,60,0.99786,1.18,2.99,10.2
798,Grover Zampa,9.3,0.37,0.44,1.6,0.038,21,42,0.99526,0.81,3.24,10.8
799,Seagram,9.4,0.5,0.34,3.6,0.082,5,14,0.9987,0.52,3.29,10.7
800,Seagram,9.4,0.5,0.34,3.6,0.082,5,14,0.9987,0.52,3.29,10.7
802,Sula Vineyards,8.6,0.55,0.09,3.3,0.068,8,17,0.99735,0.44,3.23,10
803,Grover Zampa,5.1,0.585,0,1.7,0.044,14,86,0.99264,0.94,3.56,12.9
805,Seagram,8.4,0.52,0.22,2.7,0.084,4,18,0.99682,0.57,3.26,9.9
806,Grover Zampa,8.2,0.28,0.4,2.4,0.052,4,10,0.99356,0.7,3.33,12.8
807,Grover Zampa,8.4,0.25,0.39,2,0.041,4,10,0.99386,0.71,3.27,12.5
808,Grover Zampa,8.2,0.28,0.4,2.4,0.052,4,10,0.99356,0.7,3.33,12.8
809,Sula Vineyards,7.4,0.53,0.12,1.9,0.165,4,12,0.99702,0.86,3.26,9.2
810,Seagram,7.6,0.48,0.31,2.8,0.07,4,15,0.99693,0.55,3.22,10.3
811,Sula Vineyards,7.3,0.49,0.1,2.6,0.068,4,14,0.99562,0.47,3.3,10.5
812,Seagram,12.9,0.5,0.55,2.8,0.072,7,24,1.00012,0.68,3.09,10.9
813,Sula Vineyards,10.8,0.45,0.33,2.5,0.099,20,38,0.99818,0.71,3.24,10.8
814,Grover Zampa,6.9,0.39,0.24,2.1,0.102,4,7,0.99462,0.58,3.44,11.4
815,Seagram,12.6,0.41,0.54,2.8,0.103,19,41,0.99939,0.76,3.21,11.3
816,Sula Vineyards,10.8,0.45,0.33,2.5,0.099,20,38,0.99818,0.71,3.24,10.8
817,Seagram,9.8,0.51,0.19,3.2,0.081,8,30,0.9984,0.58,3.23,10.5
818,Seagram,10.8,0.29,0.42,1.6,0.084,19,27,0.99545,0.73,3.28,11.9
822,Grover Zampa,4.9,0.42,0,2.1,0.048,16,42,0.99154,0.74,3.71,10.26666667
823,Sula Vineyards,6.7,0.54,0.13,2,0.076,15,36,0.9973,0.64,3.61,9.8
824,Sula Vineyards,6.7,0.54,0.13,2,0.076,15,36,0.9973,0.64,3.61,9.8
825,Sula Vineyards,7.1,0.48,0.28,2.8,0.068,6,16,0.99682,0.53,3.24,10.3
826,Sula Vineyards,7.1,0.46,0.14,2.8,0.076,15,37,0.99624,0.49,3.36,10.7
827,Grover Zampa,7.5,0.27,0.34,2.3,0.05,4,8,0.9951,0.64,3.4,11
828,Sula Vineyards,7.1,0.46,0.14,2.8,0.076,15,37,0.99624,0.49,3.36,10.7
829,Grover Zampa,7.8,0.57,0.09,2.3,0.065,34,45,0.99417,0.74,3.46,12.7
830,Seagram,5.9,0.61,0.08,2.1,0.071,16,24,0.99376,0.77,3.56,11.1
831,Grover Zampa,7.5,0.685,0.07,2.5,0.058,5,9,0.99632,0.55,3.38,10.9
832,Seagram,5.9,0.61,0.08,2.1,0.071,16,24,0.99376,0.77,3.56,11.1
833,Grover Zampa,10.4,0.44,0.42,1.5,0.145,34,48,0.99832,0.86,3.38,9.9
834,Grover Zampa,11.6,0.47,0.44,1.6,0.147,36,51,0.99836,0.86,3.38,9.9
836,Sula Vineyards,7.6,0.665,0.1,1.5,0.066,27,55,0.99655,0.51,3.39,9.3
837,Grover Zampa,6.7,0.28,0.28,2.4,0.012,36,100,0.99064,0.39,3.26,11.7
838,Grover Zampa,6.7,0.28,0.28,2.4,0.012,36,100,0.99064,0.39,3.26,11.7
839,Grover Zampa,10.1,0.31,0.35,1.6,0.075,9,28,0.99672,0.83,3.24,11.2
840,Sula Vineyards,6,0.5,0.04,2.2,0.092,13,26,0.99647,0.47,3.46,10
841,Grover Zampa,11.1,0.42,0.47,2.65,0.085,9,34,0.99736,0.77,3.24,12.1
842,Sula Vineyards,6.6,0.66,0,3,0.115,21,31,0.99629,0.63,3.45,10.3
843,Seagram,10.6,0.5,0.45,2.6,0.119,34,68,0.99708,0.72,3.23,10.9
845,Seagram,9.9,0.25,0.46,1.7,0.062,26,42,0.9959,0.83,3.18,10.6
846,Sula Vineyards,6.4,0.64,0.21,1.8,0.081,14,31,0.99689,0.66,3.59,9.8
847,Sula Vineyards,6.4,0.64,0.21,1.8,0.081,14,31,0.99689,0.66,3.59,9.8
848,Seagram,7.4,0.68,0.16,1.8,0.078,12,39,0.9977,0.7,3.5,9.9
849,Sula Vineyards,6.4,0.64,0.21,1.8,0.081,14,31,0.99689,0.66,3.59,9.8
850,Sula Vineyards,6.4,0.63,0.21,1.6,0.08,12,32,0.99689,0.66,3.58,9.8
851,Sula Vineyards,9.3,0.43,0.44,1.9,0.085,9,22,0.99708,0.55,3.28,9.5
852,Sula Vineyards,9.3,0.43,0.44,1.9,0.085,9,22,0.99708,0.55,3.28,9.5
854,Seagram,9.3,0.36,0.39,1.5,0.08,41,55,0.99652,0.73,3.47,10.9
855,Seagram,9.3,0.36,0.39,1.5,0.08,41,55,0.99652,0.73,3.47,10.9
856,Grover Zampa,7.6,0.735,0.02,2.5,0.071,10,14,0.99538,0.71,3.51,11.7
857,Seagram,9.3,0.36,0.39,1.5,0.08,41,55,0.99652,0.73,3.47,10.9
858,Grover Zampa,8.2,0.26,0.34,2.5,0.073,16,47,0.99594,0.78,3.4,11.3
859,Grover Zampa,11.7,0.28,0.47,1.7,0.054,17,32,0.99686,0.67,3.15,10.6
860,Seagram,6.8,0.56,0.22,1.8,0.074,15,24,0.99438,0.82,3.4,11.2
861,Sula Vineyards,7.2,0.62,0.06,2.7,0.077,15,85,0.99746,0.54,3.51,9.5
862,Seagram,5.8,1.01,0.66,2,0.039,15,88,0.99357,0.6,3.66,11.5
863,Sula Vineyards,7.5,0.42,0.32,2.7,0.067,7,25,0.99628,0.44,3.24,10.4
865,Sula Vineyards,7.2,0.62,0.06,2.7,0.077,15,85,0.99746,0.54,3.51,9.5
867,Seagram,6.8,0.49,0.22,2.3,0.071,13,24,0.99438,0.83,3.41,11.3
868,Seagram,6.9,0.51,0.23,2,0.072,13,22,0.99438,0.84,3.4,11.2
869,Seagram,6.8,0.56,0.22,1.8,0.074,15,24,0.99438,0.82,3.4,11.2
870,Seagram,7.6,0.63,0.03,2,0.08,27,43,0.99578,0.64,3.44,10.9
871,Seagram,7.7,0.715,0.01,2.1,0.064,31,43,0.99371,0.57,3.41,11.8
872,Sula Vineyards,6.9,0.56,0.03,1.5,0.086,36,46,0.99522,0.57,3.53,10.6
873,Grover Zampa,7.3,0.35,0.24,2,0.067,28,48,0.99576,0.54,3.43,10
874,Grover Zampa,9.1,0.21,0.37,1.6,0.067,6,10,0.99552,0.58,3.23,11.1
875,Grover Zampa,10.4,0.38,0.46,2.1,0.104,6,10,0.99664,0.65,3.12,11.8
876,Grover Zampa,8.8,0.31,0.4,2.8,0.109,7,16,0.99614,0.79,3.31,11.8
877,Grover Zampa,7.1,0.47,0,2.2,0.067,7,14,0.99517,0.58,3.4,10.9
878,Seagram,7.7,0.715,0.01,2.1,0.064,31,43,0.99371,0.57,3.41,11.8
879,Seagram,8.8,0.61,0.19,4,0.094,30,69,0.99787,0.5,3.22,10
880,Sula Vineyards,7.2,0.6,0.04,2.5,0.076,18,88,0.99745,0.55,3.53,9.5
881,Sula Vineyards,9.2,0.56,0.18,1.6,0.078,10,21,0.99576,0.49,3.15,9.9
882,Seagram,7.6,0.715,0,2.1,0.068,30,35,0.99533,0.65,3.48,11.4
883,Seagram,8.4,0.31,0.29,3.1,0.194,14,26,0.99536,0.78,3.22,12
884,Sula Vineyards,7.2,0.6,0.04,2.5,0.076,18,88,0.99745,0.55,3.53,9.5
885,Seagram,8.8,0.61,0.19,4,0.094,30,69,0.99787,0.5,3.22,10
886,Sula Vineyards,8.9,0.75,0.14,2.5,0.086,9,30,0.99824,0.64,3.34,10.5
887,Seagram,9,0.8,0.12,2.4,0.083,8,28,0.99836,0.65,3.33,10.4
888,Grover Zampa,10.7,0.52,0.38,2.6,0.066,29,56,0.99577,0.79,3.15,12.1
889,Seagram,6.8,0.57,0,2.5,0.072,32,64,0.99491,0.56,3.43,11.2
890,Sula Vineyards,10.7,0.9,0.34,6.6,0.112,23,99,1.00289,0.68,3.22,9.3
891,Sula Vineyards,7.2,0.34,0.24,2,0.071,30,52,0.99576,0.58,3.44,10.1
893,Seagram,10.1,0.45,0.23,1.9,0.082,10,18,0.99774,0.65,3.22,9.3
895,Seagram,7.2,0.63,0.03,2.2,0.08,17,88,0.99745,0.58,3.53,9.8
896,Seagram,7.1,0.59,0.01,2.3,0.08,27,43,0.9955,0.58,3.42,10.7
897,Grover Zampa,8.3,0.31,0.39,2.4,0.078,17,43,0.99444,0.77,3.31,12.5
898,Seagram,7.1,0.59,0.01,2.3,0.08,27,43,0.9955,0.58,3.42,10.7
899,Grover Zampa,8.3,0.31,0.39,2.4,0.078,17,43,0.99444,0.77,3.31,12.5
900,Grover Zampa,8.3,1.02,0.02,3.4,0.084,6,11,0.99892,0.49,3.48,11
901,Sula Vineyards,8.9,0.31,0.36,2.6,0.056,10,39,0.99562,0.69,3.4,11.8
902,Grover Zampa,7.4,0.635,0.1,2.4,0.08,16,33,0.99736,0.69,3.58,10.8
903,Grover Zampa,7.4,0.635,0.1,2.4,0.08,16,33,0.99736,0.69,3.58,10.8
904,Grover Zampa,6.8,0.59,0.06,6,0.06,11,18,0.9962,0.59,3.41,10.8
905,Grover Zampa,6.8,0.59,0.06,6,0.06,11,18,0.9962,0.59,3.41,10.8
906,Sula Vineyards,9.2,0.58,0.2,3,0.081,15,115,0.998,0.59,3.23,9.5
907,Sula Vineyards,7.2,0.54,0.27,2.6,0.084,12,78,0.9964,0.71,3.39,11
908,Seagram,6.1,0.56,0,2.2,0.079,6,9,0.9948,0.54,3.59,11.5
909,Seagram,7.4,0.52,0.13,2.4,0.078,34,61,0.99528,0.59,3.43,10.8
910,Seagram,7.3,0.305,0.39,1.2,0.059,7,11,0.99331,0.52,3.29,11.5
911,Seagram,9.3,0.38,0.48,3.8,0.132,3,11,0.99577,0.57,3.23,10.06
912,Seagram,9.1,0.28,0.46,9,0.114,3,9,0.99901,0.6,3.18,10.9
913,Seagram,10,0.46,0.44,2.9,0.065,4,8,0.99674,0.62,3.33,12.2
914,Grover Zampa,9.4,0.395,0.46,4.6,0.094,3,10,0.99639,0.64,3.27,12.2
915,Seagram,7.3,0.305,0.39,1.2,0.059,7,11,0.99331,0.52,3.29,11.5
916,Seagram,8.6,0.315,0.4,2.2,0.079,3,6,0.99512,0.67,3.27,11.9
917,Sula Vineyards,5.3,0.715,0.19,1.5,0.161,7,62,0.99395,0.61,3.62,11
918,Seagram,6.8,0.41,0.31,8.8,0.084,26,45,0.99824,0.64,3.38,10.1
919,Seagram,8.4,0.36,0.32,2.2,0.081,32,79,0.9964,0.72,3.3,11
920,Seagram,8.4,0.62,0.12,1.8,0.072,38,46,0.99504,0.89,3.38,11.8
921,Sula Vineyards,9.6,0.41,0.37,2.3,0.091,10,23,0.99786,0.56,3.24,10.5
922,Seagram,8.4,0.36,0.32,2.2,0.081,32,79,0.9964,0.72,3.3,11
923,Seagram,8.4,0.62,0.12,1.8,0.072,38,46,0.99504,0.89,3.38,11.8
924,Seagram,6.8,0.41,0.31,8.8,0.084,26,45,0.99824,0.64,3.38,10.1
925,Sula Vineyards,8.6,0.47,0.27,2.3,0.055,14,28,0.99516,0.8,3.18,11.2
926,Grover Zampa,8.6,0.22,0.36,1.9,0.064,53,77,0.99604,0.87,3.47,11
927,Seagram,9.4,0.24,0.33,2.3,0.061,52,73,0.99786,0.9,3.47,10.2
928,Grover Zampa,8.4,0.67,0.19,2.2,0.093,11,75,0.99736,0.59,3.2,9.2
929,Sula Vineyards,8.6,0.47,0.27,2.3,0.055,14,28,0.99516,0.8,3.18,11.2
930,Grover Zampa,8.7,0.33,0.38,3.3,0.063,10,19,0.99468,0.73,3.3,12
931,Sula Vineyards,6.6,0.61,0.01,1.9,0.08,8,25,0.99746,0.73,3.69,10.5
932,Sula Vineyards,7.4,0.61,0.01,2,0.074,13,38,0.99748,0.65,3.48,9.8
933,Seagram,7.6,0.4,0.29,1.9,0.078,29,66,0.9971,0.59,3.45,9.5
934,Sula Vineyards,7.4,0.61,0.01,2,0.074,13,38,0.99748,0.65,3.48,9.8
935,Sula Vineyards,6.6,0.61,0.01,1.9,0.08,8,25,0.99746,0.73,3.69,10.5
936,Seagram,8.8,0.3,0.38,2.3,0.06,19,72,0.99543,0.72,3.39,11.8
937,Seagram,8.8,0.3,0.38,2.3,0.06,19,72,0.99543,0.72,3.39,11.8
938,Grover Zampa,12,0.63,0.5,1.4,0.071,6,26,0.99791,0.6,3.07,10.4
939,Grover Zampa,7.2,0.38,0.38,2.8,0.068,23,42,0.99356,0.72,3.34,12.9
940,Sula Vineyards,6.2,0.46,0.17,1.6,0.073,7,11,0.99425,0.54,3.61,11.4
941,Grover Zampa,9.6,0.33,0.52,2.2,0.074,13,25,0.99509,0.76,3.36,12.4
942,Grover Zampa,9.9,0.27,0.49,5,0.082,9,17,0.99484,0.52,3.19,12.5
943,Grover Zampa,10.1,0.43,0.4,2.6,0.092,13,52,0.99834,0.64,3.22,10
945,Grover Zampa,8.3,0.3,0.49,3.8,0.09,11,24,0.99498,0.64,3.27,12.1
946,Grover Zampa,10.2,0.44,0.42,2,0.071,7,20,0.99566,0.79,3.14,11.1
947,Grover Zampa,10.2,0.44,0.58,4.1,0.092,11,24,0.99745,0.99,3.29,12
948,Grover Zampa,8.3,0.28,0.48,2.1,0.093,6,12,0.99408,0.62,3.26,12.4
949,Grover Zampa,8.9,0.12,0.45,1.8,0.075,10,21,0.99552,0.76,3.41,11.9
950,Grover Zampa,8.9,0.12,0.45,1.8,0.075,10,21,0.99552,0.76,3.41,11.9
951,Grover Zampa,8.9,0.12,0.45,1.8,0.075,10,21,0.99552,0.76,3.41,11.9
952,Grover Zampa,8.3,0.28,0.48,2.1,0.093,6,12,0.99408,0.62,3.26,12.4
953,Grover Zampa,8.2,0.31,0.4,2.2,0.058,6,10,0.99536,0.68,3.31,11.2
954,Grover Zampa,10.2,0.34,0.48,2.1,0.052,5,9,0.99458,0.69,3.2,12.1
955,Seagram,7.6,0.43,0.4,2.7,0.082,6,11,0.99538,0.54,3.44,12.2
956,Sula Vineyards,8.5,0.21,0.52,1.9,0.09,9,23,0.99648,0.67,3.36,10.4
957,Seagram,9,0.36,0.52,2.1,0.111,5,10,0.99568,0.62,3.31,11.3
958,Seagram,9.5,0.37,0.52,2,0.088,12,51,0.99613,0.58,3.29,11.1
959,Grover Zampa,6.4,0.57,0.12,2.3,0.12,25,36,0.99519,0.71,3.47,11.3
960,Sula Vineyards,8,0.59,0.05,2,0.089,12,32,0.99735,0.61,3.36,10
961,Seagram,8.5,0.47,0.27,1.9,0.058,18,38,0.99518,0.85,3.16,11.1
962,Sula Vineyards,7.1,0.56,0.14,1.6,0.078,7,18,0.99592,0.62,3.27,9.3
963,Sula Vineyards,6.6,0.57,0.02,2.1,0.115,6,16,0.99654,0.69,3.38,9.5
964,Seagram,8.8,0.27,0.39,2,0.1,20,27,0.99546,0.69,3.15,11.2
965,Seagram,8.5,0.47,0.27,1.9,0.058,18,38,0.99518,0.85,3.16,11.1
966,Seagram,8.3,0.34,0.4,2.4,0.065,24,48,0.99554,0.86,3.34,11
967,Grover Zampa,9,0.38,0.41,2.4,0.103,6,10,0.99604,0.58,3.13,11.9
968,Sula Vineyards,8.5,0.66,0.2,2.1,0.097,23,113,0.99733,0.48,3.13,9.2
969,Seagram,9,0.4,0.43,2.4,0.068,29,46,0.9943,0.6,3.2,12.2
970,Sula Vineyards,6.7,0.56,0.09,2.9,0.079,7,22,0.99669,0.61,3.46,10.2
971,Seagram,10.4,0.26,0.48,1.9,0.066,6,10,0.99724,0.87,3.33,10.9
972,Seagram,10.4,0.26,0.48,1.9,0.066,6,10,0.99724,0.87,3.33,10.9
973,Grover Zampa,10.1,0.38,0.5,2.4,0.104,6,13,0.99643,0.65,3.22,11.6
974,Sula Vineyards,8.5,0.34,0.44,1.7,0.079,6,12,0.99605,0.63,3.52,10.7
975,Grover Zampa,8.8,0.33,0.41,5.9,0.073,7,13,0.99658,0.62,3.3,12.1
978,Sula Vineyards,8.4,0.59,0.29,2.6,0.109,31,119,0.99801,0.5,3.15,9.1
979,Grover Zampa,7,0.4,0.32,3.6,0.061,9,29,0.99416,0.49,3.28,11.3
980,Sula Vineyards,12.2,0.45,0.49,1.4,0.075,3,6,0.9969,0.63,3.13,10.4
981,Seagram,9.1,0.5,0.3,1.9,0.065,8,17,0.99774,0.71,3.32,10.5
982,Sula Vineyards,9.5,0.86,0.26,1.9,0.079,13,28,0.99712,0.62,3.25,10
983,Seagram,7.3,0.52,0.32,2.1,0.07,51,70,0.99418,0.82,3.34,12.9
984,Seagram,9.1,0.5,0.3,1.9,0.065,8,17,0.99774,0.71,3.32,10.5
985,Sula Vineyards,12.2,0.45,0.49,1.4,0.075,3,6,0.9969,0.63,3.13,10.4
986,Seagram,7.4,0.58,0,2,0.064,7,11,0.99562,0.58,3.45,11.3
987,Grover Zampa,9.8,0.34,0.39,1.4,0.066,3,7,0.9947,0.55,3.19,11.4
990,Seagram,9.7,0.295,0.4,1.5,0.073,14,21,0.99556,0.51,3.14,10.9
992,Sula Vineyards,7.1,0.34,0.28,2,0.082,31,68,0.99694,0.48,3.45,9.4
993,Seagram,6.5,0.4,0.1,2,0.076,30,47,0.99554,0.48,3.36,9.4
994,Sula Vineyards,7.1,0.34,0.28,2,0.082,31,68,0.99694,0.48,3.45,9.4
995,Sula Vineyards,10,0.35,0.45,2.5,0.092,20,88,0.99918,0.43,3.15,9.4
996,Seagram,7.7,0.6,0.06,2,0.079,19,41,0.99697,0.62,3.39,10.1
997,Grover Zampa,5.6,0.66,0,2.2,0.087,3,11,0.99378,0.63,3.71,12.8
998,Grover Zampa,5.6,0.66,0,2.2,0.087,3,11,0.99378,0.63,3.71,12.8
999,Seagram,8.9,0.84,0.34,1.4,0.05,4,10,0.99554,0.48,3.12,9.1
1000,Seagram,6.4,0.69,0,1.65,0.055,7,12,0.99162,0.53,3.47,12.9
1001,Grover Zampa,7.5,0.43,0.3,2.2,0.062,6,12,0.99495,0.72,3.44,11.5
1002,Grover Zampa,9.9,0.35,0.38,1.5,0.058,31,47,0.99676,0.82,3.26,10.6
1003,Grover Zampa,9.1,0.29,0.33,2.05,0.063,13,27,0.99516,0.84,3.26,11.7
1004,Grover Zampa,6.8,0.36,0.32,1.8,0.067,4,8,0.9928,0.55,3.36,12.8
1005,Sula Vineyards,8.2,0.43,0.29,1.6,0.081,27,45,0.99603,0.54,3.25,10.3
1006,Grover Zampa,6.8,0.36,0.32,1.8,0.067,4,8,0.9928,0.55,3.36,12.8
1007,Grover Zampa,9.1,0.29,0.33,2.05,0.063,13,27,0.99516,0.84,3.26,11.7
1008,Grover Zampa,9.1,0.3,0.34,2,0.064,12,25,0.99516,0.84,3.26,11.7
1009,Grover Zampa,8.9,0.35,0.4,3.6,0.11,12,24,0.99549,0.7,3.23,12
1010,Sula Vineyards,9.6,0.5,0.36,2.8,0.116,26,55,0.99722,0.68,3.18,10.9
1011,Grover Zampa,8.9,0.28,0.45,1.7,0.067,7,12,0.99354,0.55,3.25,12.3
1012,Seagram,8.9,0.32,0.31,2,0.088,12,19,0.9957,0.55,3.17,10.4
1013,Sula Vineyards,7.7,1.005,0.15,2.1,0.102,11,32,0.99604,0.48,3.23,10
1014,Seagram,7.5,0.71,0,1.6,0.092,22,31,0.99635,0.58,3.38,10
1015,Seagram,8,0.58,0.16,2,0.12,3,7,0.99454,0.58,3.22,11.2
1016,Seagram,10.5,0.39,0.46,2.2,0.075,14,27,0.99598,0.84,3.06,11.4
1017,Grover Zampa,8.9,0.38,0.4,2.2,0.068,12,28,0.99486,0.75,3.27,12.6
1018,Seagram,8,0.18,0.37,0.9,0.049,36,109,0.99007,0.44,2.89,12.7
1019,Seagram,8,0.18,0.37,0.9,0.049,36,109,0.99007,0.44,2.89,12.7
1020,Sula Vineyards,7,0.5,0.14,1.8,0.078,10,23,0.99636,0.61,3.53,10.4
1021,Seagram,11.3,0.36,0.66,2.4,0.123,3,8,0.99642,0.53,3.2,11.9
1022,Seagram,11.3,0.36,0.66,2.4,0.123,3,8,0.99642,0.53,3.2,11.9
1023,Sula Vineyards,7,0.51,0.09,2.1,0.062,4,9,0.99584,0.54,3.35,10.5
1024,Seagram,8.2,0.32,0.42,2.3,0.098,3,9,0.99506,0.55,3.27,12.3
1025,Grover Zampa,7.7,0.58,0.01,1.8,0.088,12,18,0.99568,0.56,3.32,10.5
1026,Seagram,8.6,0.83,0,2.8,0.095,17,43,0.99822,0.6,3.33,10.4
1027,Seagram,7.9,0.31,0.32,1.9,0.066,14,36,0.99364,0.56,3.41,12.6
1028,Sula Vineyards,6.4,0.795,0,2.2,0.065,28,52,0.99378,0.52,3.49,11.6
1029,Seagram,7.2,0.34,0.21,2.5,0.075,41,68,0.99586,0.54,3.37,10.1
1030,Grover Zampa,7.7,0.58,0.01,1.8,0.088,12,18,0.99568,0.56,3.32,10.5
1031,Grover Zampa,7.1,0.59,0,2.1,0.091,9,14,0.99488,0.55,3.42,11.5
1032,Grover Zampa,7.3,0.55,0.01,1.8,0.093,9,15,0.99514,0.58,3.35,11
1034,Seagram,7.5,0.57,0.08,2.6,0.089,14,27,0.99592,0.59,3.3,10.4
1036,Grover Zampa,10.1,0.37,0.34,2.4,0.085,5,17,0.99683,0.65,3.17,10.6
1037,Grover Zampa,7.6,0.31,0.34,2.5,0.082,26,35,0.99356,0.59,3.22,12.5
1038,Sula Vineyards,7.3,0.91,0.1,1.8,0.074,20,56,0.99672,0.56,3.35,9.2
1039,Grover Zampa,8.7,0.41,0.41,6.2,0.078,25,42,0.9953,0.77,3.24,12.6
1040,Seagram,8.9,0.5,0.21,2.2,0.088,21,39,0.99692,0.83,3.33,11.1
1041,Sula Vineyards,7.4,0.965,0,2.2,0.088,16,32,0.99756,0.67,3.58,10.2
1042,Seagram,6.9,0.49,0.19,1.7,0.079,13,26,0.99547,0.64,3.38,9.8
1043,Seagram,8.9,0.5,0.21,2.2,0.088,21,39,0.99692,0.83,3.33,11.1
1044,Grover Zampa,9.5,0.39,0.41,8.9,0.069,18,39,0.99859,0.81,3.29,10.9
1045,Seagram,6.4,0.39,0.33,3.3,0.046,12,53,0.99294,0.62,3.36,12.2
1046,Seagram,6.9,0.44,0,1.4,0.07,32,38,0.99438,0.58,3.32,11.4
1047,Seagram,7.6,0.78,0,1.7,0.076,33,45,0.99612,0.62,3.31,10.7
1048,Sula Vineyards,7.1,0.43,0.17,1.8,0.082,27,51,0.99634,0.64,3.49,10.4
1049,Seagram,9.3,0.49,0.36,1.7,0.081,3,14,0.99702,0.78,3.27,10.9
1050,Seagram,9.3,0.5,0.36,1.8,0.084,6,17,0.99704,0.77,3.27,10.8
1051,Sula Vineyards,7.1,0.43,0.17,1.8,0.082,27,51,0.99634,0.64,3.49,10.4
1052,Sula Vineyards,8.5,0.46,0.59,1.4,0.414,16,45,0.99702,1.34,3.03,9.2
1053,Sula Vineyards,5.6,0.605,0.05,2.4,0.073,19,25,0.99258,0.55,3.56,12.9
1054,Grover Zampa,8.3,0.33,0.42,2.3,0.07,9,20,0.99426,0.77,3.38,12.7
1055,Seagram,8.2,0.64,0.27,2,0.095,5,77,0.99747,0.62,3.13,9.1
1056,Seagram,8.2,0.64,0.27,2,0.095,5,77,0.99747,0.62,3.13,9.1
1057,Grover Zampa,8.9,0.48,0.53,4,0.101,3,10,0.99586,0.59,3.21,12.1
1058,Sula Vineyards,7.6,0.42,0.25,3.9,0.104,28,90,0.99784,0.57,3.15,9.1
1059,Grover Zampa,9.9,0.53,0.57,2.4,0.093,30,52,0.9971,0.76,3.19,11.6
1060,Grover Zampa,8.9,0.48,0.53,4,0.101,3,10,0.99586,0.59,3.21,12.1
1061,Seagram,11.6,0.23,0.57,1.8,0.074,3,8,0.9981,0.7,3.14,9.9
1062,Grover Zampa,9.1,0.4,0.5,1.8,0.071,7,16,0.99462,0.69,3.21,12.5
1063,Seagram,8,0.38,0.44,1.9,0.098,6,15,0.9956,0.64,3.3,11.4
1064,Seagram,10.2,0.29,0.65,2.4,0.075,6,17,0.99565,0.63,3.22,11.8
1065,Seagram,8.2,0.74,0.09,2,0.067,5,10,0.99418,0.57,3.28,11.8
1066,Seagram,7.7,0.61,0.18,2.4,0.083,6,20,0.9963,0.6,3.29,10.2
1067,Grover Zampa,6.6,0.52,0.08,2.4,0.07,13,26,0.99358,0.72,3.4,12.5
1068,Grover Zampa,11.1,0.31,0.53,2.2,0.06,3,10,0.99572,0.83,3.02,10.9
1069,Grover Zampa,11.1,0.31,0.53,2.2,0.06,3,10,0.99572,0.83,3.02,10.9
1070,Sula Vineyards,8,0.62,0.35,2.8,0.086,28,52,0.997,0.62,3.31,10.8
1071,Grover Zampa,9.3,0.33,0.45,1.5,0.057,19,37,0.99498,0.89,3.18,11.1
1072,Sula Vineyards,7.5,0.77,0.2,8.1,0.098,30,92,0.99892,0.58,3.2,9.2
1073,Seagram,7.2,0.35,0.26,1.8,0.083,33,75,0.9968,0.58,3.4,9.5
1074,Seagram,8,0.62,0.33,2.7,0.088,16,37,0.9972,0.58,3.31,10.7
1075,Sula Vineyards,7.5,0.77,0.2,8.1,0.098,30,92,0.99892,0.58,3.2,9.2
1076,Grover Zampa,9.1,0.25,0.34,2,0.071,45,67,0.99769,0.86,3.44,10.2
1077,Seagram,9.9,0.32,0.56,2,0.073,3,8,0.99534,0.73,3.15,11.4
1078,Sula Vineyards,8.6,0.37,0.65,6.4,0.08,3,8,0.99817,0.58,3.27,11
1079,Sula Vineyards,8.6,0.37,0.65,6.4,0.08,3,8,0.99817,0.58,3.27,11
1080,Grover Zampa,7.9,0.3,0.68,8.3,0.05,37.5,278,0.99316,0.51,3.01,12.3
1081,Seagram,10.3,0.27,0.56,1.4,0.047,3,8,0.99471,0.51,3.16,11.8
1082,Grover Zampa,7.9,0.3,0.68,8.3,0.05,37.5,289,0.99316,0.51,3.01,12.3
1083,Seagram,7.2,0.38,0.3,1.8,0.073,31,70,0.99685,0.59,3.42,9.5
1084,Seagram,8.7,0.42,0.45,2.4,0.072,32,59,0.99617,0.77,3.33,12
1085,Seagram,7.2,0.38,0.3,1.8,0.073,31,70,0.99685,0.59,3.42,9.5
1087,Grover Zampa,8.5,0.34,0.4,4.7,0.055,3,9,0.99738,0.66,3.38,11.6
1088,Seagram,7.9,0.19,0.42,1.6,0.057,18,30,0.994,0.69,3.29,11.2
1089,Grover Zampa,11.6,0.41,0.54,1.5,0.095,22,41,0.99735,0.76,3.02,9.9
1090,Grover Zampa,11.6,0.41,0.54,1.5,0.095,22,41,0.99735,0.76,3.02,9.9
1091,Grover Zampa,10,0.26,0.54,1.9,0.083,42,74,0.99451,0.63,2.98,11.8
1092,Seagram,7.9,0.34,0.42,2,0.086,8,19,0.99546,0.6,3.35,11.4
1093,Seagram,7,0.54,0.09,2,0.081,10,16,0.99479,0.59,3.43,11.5
1094,Grover Zampa,9.2,0.31,0.36,2.2,0.079,11,31,0.99615,0.86,3.33,12
1095,Seagram,6.6,0.725,0.09,5.5,0.117,9,17,0.99655,0.49,3.35,10.8
1096,Sula Vineyards,9.4,0.4,0.47,2.5,0.087,6,20,0.99772,0.5,3.15,10.5
1097,Seagram,6.6,0.725,0.09,5.5,0.117,9,17,0.99655,0.49,3.35,10.8
1098,Sula Vineyards,8.6,0.52,0.38,1.5,0.096,5,18,0.99666,0.52,3.2,9.4
1099,Grover Zampa,8,0.31,0.45,2.1,0.216,5,16,0.99358,0.81,3.15,12.5
1100,Grover Zampa,8.6,0.52,0.38,1.5,0.096,5,18,0.99666,0.52,3.2,9.4
1101,Seagram,8.4,0.34,0.42,2.1,0.072,23,36,0.99392,0.78,3.11,12.4
1102,Seagram,7.4,0.49,0.27,2.1,0.071,14,25,0.99388,0.63,3.35,12
1103,Seagram,6.1,0.48,0.09,1.7,0.078,18,30,0.99402,0.54,3.45,11.2
1104,Seagram,7.4,0.49,0.27,2.1,0.071,14,25,0.99388,0.63,3.35,12
1105,Seagram,8,0.48,0.34,2.2,0.073,16,25,0.9936,0.66,3.28,12.4
1106,Sula Vineyards,6.3,0.57,0.28,2.1,0.048,13,49,0.99374,0.6,3.41,12.8
1107,Seagram,8.2,0.23,0.42,1.9,0.069,9,17,0.99376,0.54,3.21,12.3
1108,Grover Zampa,9.1,0.3,0.41,2,0.068,10,24,0.99523,0.85,3.27,11.7
1109,Sula Vineyards,8.1,0.78,0.1,3.3,0.09,4,13,0.99855,0.49,3.36,9.5
1110,Seagram,10.8,0.47,0.43,2.1,0.171,27,66,0.9982,0.76,3.17,10.8
1111,Seagram,8.3,0.53,0,1.4,0.07,6,14,0.99593,0.64,3.25,10
1112,Grover Zampa,5.4,0.42,0.27,2,0.092,23,55,0.99471,0.64,3.78,12.3
1113,Seagram,7.9,0.33,0.41,1.5,0.056,6,35,0.99396,0.71,3.29,11
1114,Seagram,8.9,0.24,0.39,1.6,0.074,3,10,0.99698,0.59,3.12,9.5
1115,Seagram,5,0.4,0.5,4.3,0.046,29,80,0.9902,0.66,3.49,10.26666667
1116,Seagram,7,0.69,0.07,2.5,0.091,15,21,0.99572,0.6,3.38,11.3
1117,Seagram,7,0.69,0.07,2.5,0.091,15,21,0.99572,0.6,3.38,11.3
1118,Seagram,7,0.69,0.07,2.5,0.091,15,21,0.99572,0.6,3.38,11.3
1119,Seagram,7.1,0.39,0.12,2.1,0.065,14,24,0.99252,0.53,3.3,10.06
1120,Sula Vineyards,5.6,0.66,0,2.5,0.066,7,15,0.99256,0.58,3.52,12.9
1121,Grover Zampa,7.9,0.54,0.34,2.5,0.076,8,17,0.99235,0.72,3.2,10.06
1122,Seagram,6.6,0.5,0,1.8,0.062,21,28,0.99352,0.55,3.44,12.3
1123,Seagram,6.3,0.47,0,1.4,0.055,27,33,0.9922,0.48,3.45,12.3
1124,Seagram,10.7,0.4,0.37,1.9,0.081,17,29,0.99674,0.65,3.12,11.2
1125,Grover Zampa,6.5,0.58,0,2.2,0.096,3,13,0.99557,0.62,3.62,11.5
1126,Grover Zampa,8.8,0.24,0.35,1.7,0.055,13,27,0.99394,0.59,3.14,11.3
1127,Seagram,5.8,0.29,0.26,1.7,0.063,3,11,0.9915,0.54,3.39,10.06
1128,Seagram,6.3,0.76,0,2.9,0.072,26,52,0.99379,0.6,3.51,11.5
1129,Sula Vineyards,10,0.43,0.33,2.7,0.095,28,89,0.9984,0.68,3.22,10
1130,Seagram,10.5,0.43,0.35,3.3,0.092,24,70,0.99798,0.69,3.21,10.5
1131,Seagram,9.1,0.6,0,1.9,0.058,5,10,0.9977,0.63,3.18,10.4
1132,Grover Zampa,5.9,0.19,0.21,1.7,0.045,57,135,0.99341,0.44,3.32,9.5
1133,Grover Zampa,7.4,0.36,0.34,1.8,0.075,18,38,0.9933,0.88,3.38,10.26666667
1134,Grover Zampa,7.2,0.48,0.07,5.5,0.089,10,18,0.99684,0.68,3.37,11.2
1135,Grover Zampa,8.5,0.28,0.35,1.7,0.061,6,15,0.99524,0.74,3.3,11.8
1136,Seagram,8,0.25,0.43,1.7,0.067,22,50,0.9946,0.6,3.38,11.9
1137,Seagram,10.4,0.52,0.45,2,0.08,6,13,0.99774,0.76,3.22,11.4
1138,Seagram,10.4,0.52,0.45,2,0.08,6,13,0.99774,0.76,3.22,11.4
1139,Sula Vineyards,7.5,0.41,0.15,3.7,0.104,29,94,0.99786,0.58,3.14,9.1
1142,Seagram,8.2,0.38,0.32,2.5,0.08,24,71,0.99624,0.85,3.27,11
1143,Seagram,6.9,0.45,0.11,2.4,0.043,6,12,0.99354,0.65,3.3,11.4
1144,Seagram,7,0.22,0.3,1.8,0.065,16,20,0.99672,0.82,3.61,10
1145,Sula Vineyards,7.3,0.32,0.23,2.3,0.066,35,70,0.99588,0.62,3.43,10.1
1146,Seagram,8.2,0.2,0.43,2.5,0.076,31,51,0.99672,0.81,3.53,10.4
1147,Seagram,7.8,0.5,0.12,1.8,0.178,6,21,0.996,0.87,3.28,9.8
1148,Grover Zampa,10,0.41,0.45,6.2,0.071,6,14,0.99702,0.49,3.21,11.8
1149,Seagram,7.8,0.39,0.42,2,0.086,9,21,0.99526,0.66,3.39,11.6
1150,Seagram,10,0.35,0.47,2,0.061,6,11,0.99585,0.52,3.23,12
1151,Grover Zampa,8.2,0.33,0.32,2.8,0.067,4,12,0.99473,0.76,3.3,12.8
1152,Seagram,6.1,0.58,0.23,2.5,0.044,16,70,0.99352,0.65,3.46,12.5
1153,Sula Vineyards,8.3,0.6,0.25,2.2,0.118,9,38,0.99616,0.53,3.15,9.8
1154,Seagram,9.6,0.42,0.35,2.1,0.083,17,38,0.99622,0.66,3.23,11.1
1155,Seagram,6.6,0.58,0,2.2,0.1,50,63,0.99544,0.68,3.59,11.4
1156,Grover Zampa,8.3,0.6,0.25,2.2,0.118,9,38,0.99616,0.53,3.15,9.8
1157,Grover Zampa,8.5,0.18,0.51,1.75,0.071,45,88,0.99524,0.76,3.33,11.8
1158,Grover Zampa,5.1,0.51,0.18,2.1,0.042,16,101,0.9924,0.87,3.46,12.9
1159,Seagram,6.7,0.41,0.43,2.8,0.076,22,54,0.99572,1.16,3.42,10.6
1160,Sula Vineyards,10.2,0.41,0.43,2.2,0.11,11,37,0.99728,0.67,3.16,10.8
1161,Grover Zampa,10.6,0.36,0.57,2.3,0.087,6,20,0.99676,0.72,3.14,11.1
1162,Seagram,8.8,0.45,0.43,1.4,0.076,12,21,0.99551,0.75,3.21,10.2
1163,Grover Zampa,8.5,0.32,0.42,2.3,0.075,12,19,0.99434,0.71,3.14,11.8
1164,Sula Vineyards,9,0.785,0.24,1.7,0.078,10,21,0.99692,0.67,3.29,10
1165,Sula Vineyards,9,0.785,0.24,1.7,0.078,10,21,0.99692,0.67,3.29,10
1166,Grover Zampa,8.5,0.44,0.5,1.9,0.369,15,38,0.99634,1.1,3.01,9.4
1167,Grover Zampa,9.9,0.54,0.26,2,0.111,7,60,0.99709,0.98,2.94,10.2
1168,Grover Zampa,8.2,0.33,0.39,2.5,0.074,29,48,0.99528,0.88,3.32,12.4
1169,Seagram,6.5,0.34,0.27,2.8,0.067,8,44,0.99384,0.56,3.21,12
1170,Seagram,7.6,0.5,0.29,2.3,0.086,5,14,0.99502,0.62,3.32,11.5
1171,Seagram,9.2,0.36,0.34,1.6,0.062,5,12,0.99667,0.67,3.2,10.5
1172,Seagram,7.1,0.59,0,2.2,0.078,26,44,0.99522,0.68,3.42,10.8
1173,Seagram,9.7,0.42,0.46,2.1,0.074,5,16,0.99649,0.74,3.27,12.3
1176,Seagram,6.5,0.61,0,2.2,0.095,48,59,0.99541,0.7,3.61,11.5
1177,Grover Zampa,6.5,0.88,0.03,5.6,0.079,23,47,0.99572,0.5,3.58,11.2
1178,Grover Zampa,7.1,0.66,0,2.4,0.052,6,11,0.99318,0.66,3.35,12.7
1179,Sula Vineyards,5.6,0.915,0,2.1,0.041,17,78,0.99346,0.73,3.68,11.4
1180,Seagram,8.2,0.35,0.33,2.4,0.076,11,47,0.99599,0.81,3.27,11
1181,Seagram,8.2,0.35,0.33,2.4,0.076,11,47,0.99599,0.81,3.27,11
1182,Sula Vineyards,9.8,0.39,0.43,1.65,0.068,5,11,0.99478,0.46,3.19,11.4
1183,Seagram,10.2,0.4,0.4,2.5,0.068,41,54,0.99754,0.86,3.38,10.5
1184,Sula Vineyards,6.8,0.66,0.07,1.6,0.07,16,61,0.99572,0.6,3.29,9.3
1185,Grover Zampa,6.7,0.64,0.23,2.1,0.08,11,119,0.99538,0.7,3.36,10.9
1186,Seagram,7,0.43,0.3,2,0.085,6,39,0.99346,0.46,3.33,11.9
1187,Sula Vineyards,6.6,0.8,0.03,7.8,0.079,6,12,0.9963,0.5,3.52,12.2
1188,Seagram,7,0.43,0.3,2,0.085,6,39,0.99346,0.46,3.33,11.9
1189,Sula Vineyards,6.7,0.64,0.23,2.1,0.08,11,119,0.99538,0.7,3.36,10.9
1191,Seagram,9.1,0.4,0.57,4.6,0.08,6,20,0.99652,0.57,3.28,12.5
1192,Sula Vineyards,6.5,0.885,0,2.3,0.166,6,12,0.99551,0.51,3.56,10.8
1193,Grover Zampa,7.2,0.25,0.37,2.5,0.063,11,41,0.99439,0.8,3.52,12.4
1194,Sula Vineyards,6.4,0.885,0,2.3,0.166,6,12,0.99551,0.51,3.56,10.8
1198,Seagram,7.7,0.57,0.21,1.5,0.069,4,9,0.99458,0.54,3.16,9.8
1199,Seagram,7.7,0.26,0.26,2,0.052,19,77,0.9951,0.79,3.15,10.9
1201,Seagram,7.7,0.57,0.21,1.5,0.069,4,9,0.99458,0.54,3.16,9.8
1202,Grover Zampa,7.9,0.34,0.36,1.9,0.065,5,10,0.99419,0.54,3.27,11.2
1203,Grover Zampa,8.6,0.42,0.39,1.8,0.068,6,12,0.99516,0.69,3.35,11.7
1204,Grover Zampa,9.9,0.74,0.19,5.8,0.111,33,76,0.99878,0.55,3.14,9.4
1205,Grover Zampa,7.2,0.36,0.46,2.1,0.074,24,44,0.99534,0.85,3.4,11
1206,Grover Zampa,7.2,0.36,0.46,2.1,0.074,24,44,0.99534,0.85,3.4,11
1207,Grover Zampa,7.2,0.36,0.46,2.1,0.074,24,44,0.99534,0.85,3.4,11
1208,Sula Vineyards,9.9,0.72,0.55,1.7,0.136,24,52,0.99752,0.94,3.35,10
1209,Grover Zampa,7.2,0.36,0.46,2.1,0.074,24,44,0.99534,0.85,3.4,11
1210,Grover Zampa,6.2,0.39,0.43,2,0.071,14,24,0.99428,0.87,3.45,11.2
1211,Seagram,6.8,0.65,0.02,2.1,0.078,8,15,0.99498,0.62,3.35,10.4
1212,Sula Vineyards,6.6,0.44,0.15,2.1,0.076,22,53,0.9957,0.62,3.32,9.3
1213,Seagram,6.8,0.65,0.02,2.1,0.078,8,15,0.99498,0.62,3.35,10.4
1214,Seagram,9.6,0.38,0.42,1.9,0.071,5,13,0.99659,0.75,3.15,10.5
1215,Seagram,10.2,0.33,0.46,1.9,0.081,6,9,0.99628,0.48,3.1,10.4
1216,Seagram,8.8,0.27,0.46,2.1,0.095,20,29,0.99488,0.56,3.26,11.3
1218,Seagram,8.2,0.34,0.37,1.9,0.057,43,74,0.99408,0.81,3.23,12
1219,Seagram,8.2,0.4,0.31,1.9,0.082,8,24,0.996,0.69,3.24,10.6
1220,Seagram,9,0.39,0.4,1.3,0.044,25,50,0.99478,0.83,3.2,10.9
1221,Seagram,10.9,0.32,0.52,1.8,0.132,17,44,0.99734,0.77,3.28,11.5
1222,Seagram,10.9,0.32,0.52,1.8,0.132,17,44,0.99734,0.77,3.28,11.5
1224,Seagram,10.5,0.36,0.47,2.2,0.074,9,23,0.99638,0.76,3.23,12
1225,Seagram,12.6,0.39,0.49,2.5,0.08,8,20,0.9992,0.82,3.07,10.3
1226,Sula Vineyards,9.2,0.46,0.23,2.6,0.091,18,77,0.99922,0.51,3.15,9.4
1227,Sula Vineyards,7.5,0.58,0.03,4.1,0.08,27,46,0.99592,0.47,3.02,9.2
1229,Grover Zampa,5.1,0.42,0,1.8,0.044,18,88,0.99157,0.73,3.68,10.26666667
1231,Seagram,7.7,0.18,0.34,2.7,0.066,15,58,0.9947,0.78,3.37,11.8
1232,Grover Zampa,7.8,0.815,0.01,2.6,0.074,48,90,0.99621,0.62,3.38,10.8
1233,Sula Vineyards,7.6,0.43,0.29,2.1,0.075,19,66,0.99718,0.64,3.4,9.5
1234,Grover Zampa,10.2,0.23,0.37,2.2,0.057,14,36,0.99614,0.49,3.23,9.3
1235,Seagram,7.1,0.75,0.01,2.2,0.059,11,18,0.99242,0.4,3.39,12.8
1236,Grover Zampa,6,0.33,0.32,12.9,0.054,6,113,0.99572,0.56,3.3,11.5
1237,Seagram,7.8,0.55,0,1.7,0.07,7,17,0.99659,0.64,3.26,9.4
1238,Seagram,7.1,0.75,0.01,2.2,0.059,11,18,0.99242,0.4,3.39,12.8
1240,Grover Zampa,6.5,0.67,0,4.3,0.057,11,20,0.99488,0.56,3.45,11.8
1241,Sula Vineyards,7.5,0.61,0.2,1.7,0.076,36,60,0.99494,0.4,3.1,9.3
1242,Sula Vineyards,9.8,0.37,0.39,2.5,0.079,28,65,0.99729,0.59,3.16,9.8
1243,Seagram,9,0.4,0.41,2,0.058,15,40,0.99414,0.6,3.22,12.2
1244,Sula Vineyards,8.3,0.56,0.22,2.4,0.082,10,86,0.9983,0.62,3.37,9.5
1245,Seagram,5.9,0.29,0.25,13.4,0.067,72,160,0.99721,0.54,3.33,10.3
1246,Grover Zampa,7.4,0.55,0.19,1.8,0.082,15,34,0.99655,0.68,3.49,10.5
1247,Sula Vineyards,7.4,0.74,0.07,1.7,0.086,15,48,0.99502,0.48,3.12,10
1248,Sula Vineyards,7.4,0.55,0.19,1.8,0.082,15,34,0.99655,0.68,3.49,10.5
1249,Seagram,6.9,0.41,0.33,2.2,0.081,22,36,0.9949,0.75,3.41,11.1
1250,Seagram,7.1,0.6,0.01,2.3,0.079,24,37,0.99514,0.61,3.4,10.9
1251,Seagram,7.1,0.6,0.01,2.3,0.079,24,37,0.99514,0.61,3.4,10.9
1252,Sula Vineyards,7.5,0.58,0.14,2.2,0.077,27,60,0.9963,0.59,3.28,9.8
1253,Sula Vineyards,7.1,0.72,0,1.8,0.123,6,14,0.99627,0.58,3.45,9.8
1254,Sula Vineyards,7.9,0.66,0,1.4,0.096,6,13,0.99569,0.58,3.43,9.5
1255,Grover Zampa,7.8,0.7,0.06,1.9,0.079,20,35,0.99628,0.69,3.4,10.9
1256,Sula Vineyards,6.1,0.64,0.02,2.4,0.069,26,46,0.99358,0.45,3.47,11
1257,Sula Vineyards,7.5,0.59,0.22,1.8,0.082,43,60,0.99499,0.42,3.1,9.2
1258,Seagram,7,0.58,0.28,4.8,0.085,12,69,0.99633,0.7,3.32,11
1259,Seagram,6.8,0.64,0,2.7,0.123,15,33,0.99538,0.63,3.44,11.3
1260,Seagram,6.8,0.64,0,2.7,0.123,15,33,0.99538,0.63,3.44,11.3
1261,Sula Vineyards,8.6,0.635,0.68,1.8,0.403,19,56,0.99632,1.15,3.02,9.3
1262,Grover Zampa,6.3,1.02,0,2,0.083,17,24,0.99437,0.55,3.59,11.2
1263,Sula Vineyards,9.8,0.45,0.38,2.5,0.081,34,66,0.99726,0.58,3.15,9.8
1265,Seagram,8.5,0.37,0.32,1.8,0.066,26,51,0.99456,0.72,3.38,11.8
1266,Seagram,7.2,0.57,0.05,2.3,0.081,16,36,0.99564,0.6,3.38,10.3
1267,Seagram,7.2,0.57,0.05,2.3,0.081,16,36,0.99564,0.6,3.38,10.3
1268,Seagram,10.4,0.43,0.5,2.3,0.068,13,19,0.996,0.87,3.1,11.4
1269,Seagram,6.9,0.41,0.31,2,0.079,21,51,0.99668,0.55,3.47,9.5
1270,Grover Zampa,5.5,0.49,0.03,1.8,0.044,28,87,0.9908,0.82,3.5,10.26666667
1271,Seagram,5,0.38,0.01,1.6,0.048,26,60,0.99084,0.75,3.7,10.26666667
1272,Seagram,7.3,0.44,0.2,1.6,0.049,24,64,0.9935,0.57,3.38,11.7
1273,Sula Vineyards,5.9,0.46,0,1.9,0.077,25,44,0.99385,0.53,3.5,11.2
1274,Sula Vineyards,7.5,0.58,0.2,2,0.073,34,44,0.99494,0.43,3.1,9.3
1275,Seagram,7.8,0.58,0.13,2.1,0.102,17,36,0.9944,0.53,3.24,11.2
1276,Seagram,8,0.715,0.22,2.3,0.075,13,81,0.99688,0.54,3.24,9.5
1277,Grover Zampa,8.5,0.4,0.4,6.3,0.05,3,10,0.99566,0.56,3.28,12
1279,Seagram,8,0.715,0.22,2.3,0.075,13,81,0.99688,0.54,3.24,9.5
1280,Grover Zampa,9.8,0.3,0.39,1.7,0.062,3,9,0.9948,0.57,3.14,11.5
1281,Seagram,7.1,0.46,0.2,1.9,0.077,28,54,0.9956,0.64,3.37,10.4
1282,Seagram,7.1,0.46,0.2,1.9,0.077,28,54,0.9956,0.64,3.37,10.4
1283,Seagram,7.9,0.765,0,2,0.084,9,22,0.99619,0.68,3.33,10.9
1284,Seagram,8.7,0.63,0.28,2.7,0.096,17,69,0.99734,0.63,3.26,10.2
1285,Grover Zampa,7,0.42,0.19,2.3,0.071,18,36,0.99476,0.56,3.39,10.9
1286,Sula Vineyards,11.3,0.37,0.5,1.8,0.09,20,47,0.99734,0.57,3.15,10.5
1287,Seagram,7.1,0.16,0.44,2.5,0.068,17,31,0.99328,0.54,3.35,12.4
1288,Sula Vineyards,8,0.6,0.08,2.6,0.056,3,7,0.99286,0.37,3.22,10.06
1289,Grover Zampa,7,0.6,0.3,4.5,0.068,20,110,0.99914,1.17,3.3,10.2
1290,Sula Vineyards,7,0.6,0.3,4.5,0.068,20,110,0.99914,1.17,3.3,10.2
1291,Sula Vineyards,7.6,0.74,0,1.9,0.1,6,12,0.99521,0.59,3.36,11
1292,Seagram,8.2,0.635,0.1,2.1,0.073,25,60,0.99638,0.75,3.29,10.9
1293,Seagram,5.9,0.395,0.13,2.4,0.056,14,28,0.99362,0.67,3.62,12.4
1295,Seagram,8.2,0.635,0.1,2.1,0.073,25,60,0.99638,0.75,3.29,10.9
1296,Sula Vineyards,6.6,0.63,0,4.3,0.093,51,77.5,0.99558,0.45,3.2,9.5
1297,Sula Vineyards,6.6,0.63,0,4.3,0.093,51,77.5,0.99558,0.45,3.2,9.5
1298,Seagram,7.2,0.53,0.14,2.1,0.064,15,29,0.99323,0.61,3.35,12.1
1299,Seagram,5.7,0.6,0,1.4,0.063,11,18,0.99191,0.56,3.45,12.2
1300,Grover Zampa,7.6,1.58,0,2.1,0.137,5,9,0.99476,0.4,3.5,10.9
1301,Seagram,5.2,0.645,0,2.15,0.08,15,28,0.99444,0.61,3.78,12.5
1302,Seagram,6.7,0.86,0.07,2,0.1,20,57,0.99598,0.74,3.6,11.7
1303,Seagram,9.1,0.37,0.32,2.1,0.064,4,15,0.99576,0.8,3.3,11.2
1304,Sula Vineyards,8,0.28,0.44,1.8,0.081,28,68,0.99501,0.66,3.36,11.2
1305,Sula Vineyards,7.6,0.79,0.21,2.3,0.087,21,68,0.9955,0.44,3.12,9.2
1306,Sula Vineyards,7.5,0.61,0.26,1.9,0.073,24,88,0.99612,0.53,3.3,9.8
1307,Sula Vineyards,9.7,0.69,0.32,2.5,0.088,22,91,0.9979,0.62,3.29,10.1
1308,Grover Zampa,6.8,0.68,0.09,3.9,0.068,15,29,0.99524,0.52,3.41,11.1
1309,Sula Vineyards,9.7,0.69,0.32,2.5,0.088,22,91,0.9979,0.62,3.29,10.1
1310,Sula Vineyards,7,0.62,0.1,1.4,0.071,27,63,0.996,0.61,3.28,9.2
1311,Sula Vineyards,7.5,0.61,0.26,1.9,0.073,24,88,0.99612,0.53,3.3,9.8
1312,Seagram,6.5,0.51,0.15,3,0.064,12,27,0.9929,0.59,3.33,12.8
1313,Sula Vineyards,8,1.18,0.21,1.9,0.083,14,41,0.99532,0.47,3.34,10.5
1314,Seagram,7,0.36,0.21,2.3,0.086,20,65,0.99558,0.54,3.4,10.1
1315,Seagram,7,0.36,0.21,2.4,0.086,24,69,0.99556,0.53,3.4,10.1
1316,Seagram,7.5,0.63,0.27,2,0.083,17,91,0.99616,0.58,3.26,9.8
1317,Seagram,5.4,0.74,0,1.2,0.041,16,46,0.99258,0.59,4.01,12.5
1318,Seagram,9.9,0.44,0.46,2.2,0.091,10,41,0.99638,0.69,3.18,11.9
1319,Seagram,7.5,0.63,0.27,2,0.083,17,91,0.99616,0.58,3.26,9.8
1320,Seagram,9.1,0.76,0.68,1.7,0.414,18,64,0.99652,1.33,2.9,9.1
1321,Grover Zampa,9.7,0.66,0.34,2.6,0.094,12,88,0.99796,0.66,3.26,10.1
1322,Seagram,5,0.74,0,1.2,0.041,16,46,0.99258,0.59,4.01,12.5
1323,Sula Vineyards,9.1,0.34,0.42,1.8,0.058,9,18,0.99392,0.55,3.18,11.4
1324,Grover Zampa,9.1,0.36,0.39,1.8,0.06,21,55,0.99495,0.82,3.18,11
1325,Seagram,6.7,0.46,0.24,1.7,0.077,18,34,0.9948,0.6,3.39,10.6
1326,Seagram,6.7,0.46,0.24,1.7,0.077,18,34,0.9948,0.6,3.39,10.6
1327,Seagram,6.7,0.46,0.24,1.7,0.077,18,34,0.9948,0.6,3.39,10.6
1328,Seagram,6.7,0.46,0.24,1.7,0.077,18,34,0.9948,0.6,3.39,10.6
1329,Sula Vineyards,6.5,0.52,0.11,1.8,0.073,13,38,0.9955,0.52,3.34,9.3
1330,Seagram,7.4,0.6,0.26,2.1,0.083,17,91,0.99616,0.56,3.29,9.8
1331,Seagram,7.4,0.6,0.26,2.1,0.083,17,91,0.99616,0.56,3.29,9.8
1332,Sula Vineyards,7.8,0.87,0.26,3.8,0.107,31,67,0.99668,0.46,3.26,9.2
1335,Sula Vineyards,7.2,0.835,0,2,0.166,4,11,0.99608,0.52,3.39,10
1336,Seagram,6.6,0.58,0.02,2.4,0.069,19,40,0.99387,0.66,3.38,12.6
1340,Seagram,7.5,0.51,0.02,1.7,0.084,13,31,0.99538,0.54,3.36,10.5
1341,Seagram,7.5,0.51,0.02,1.7,0.084,13,31,0.99538,0.54,3.36,10.5
1342,Seagram,7.5,0.51,0.02,1.7,0.084,13,31,0.99538,0.54,3.36,10.5
1343,Seagram,7.6,0.54,0.02,1.7,0.085,17,31,0.99589,0.51,3.37,10.4
1344,Seagram,7.5,0.51,0.02,1.7,0.084,13,31,0.99538,0.54,3.36,10.5
1345,Sula Vineyards,11.5,0.42,0.48,2.6,0.077,8,20,0.99852,0.53,3.09,11
1346,Seagram,8.2,0.44,0.24,2.3,0.063,10,28,0.99613,0.53,3.25,10.2
1347,Sula Vineyards,6.1,0.59,0.01,2.1,0.056,5,13,0.99472,0.56,3.52,11.4
1350,Sula Vineyards,6.9,0.57,0,2.8,0.081,21,41,0.99518,0.52,3.41,10.8
1351,Sula Vineyards,9,0.6,0.29,2,0.069,32,73,0.99654,0.57,3.34,10
1352,Seagram,7.2,0.62,0.01,2.3,0.065,8,46,0.99332,0.51,3.32,11.8
1353,Sula Vineyards,7.6,0.645,0.03,1.9,0.086,14,57,0.9969,0.46,3.37,10.3
1354,Sula Vineyards,7.6,0.645,0.03,1.9,0.086,14,57,0.9969,0.46,3.37,10.3
1355,Sula Vineyards,7.2,0.58,0.03,2.3,0.077,7,28,0.99568,0.52,3.35,10
1356,Sula Vineyards,6.1,0.32,0.25,1.8,0.086,5,32,0.99464,0.44,3.36,10.1
1357,Sula Vineyards,6.1,0.34,0.25,1.8,0.084,4,28,0.99464,0.44,3.36,10.1
1358,Seagram,7.3,0.43,0.24,2.5,0.078,27,67,0.99648,0.59,3.6,11.1
1360,Seagram,11.6,0.475,0.4,1.4,0.091,6,28,0.99704,0.65,3.07,10.03333333
1361,Sula Vineyards,9.2,0.54,0.31,2.3,0.112,11,38,0.99699,0.56,3.24,10.9
1362,Sula Vineyards,8.3,0.85,0.14,2.5,0.093,13,54,0.99724,0.54,3.36,10.1
1363,Seagram,11.6,0.475,0.4,1.4,0.091,6,28,0.99704,0.65,3.07,10.03333333
1364,Grover Zampa,8,0.83,0.27,2,0.08,11,63,0.99652,0.48,3.29,9.8
1365,Seagram,7.2,0.605,0.02,1.9,0.096,10,31,0.995,0.53,3.46,11.8
1367,Sula Vineyards,7.3,0.74,0.08,1.7,0.094,10,45,0.99576,0.5,3.24,9.8
1368,Seagram,6.9,0.54,0.3,2.2,0.088,9,105,0.99725,1.18,3.25,10.5
1369,Seagram,8,0.77,0.32,2.1,0.079,16,74,0.99656,0.5,3.27,9.8
1370,Grover Zampa,6.6,0.61,0,1.6,0.069,4,8,0.99396,0.37,3.33,10.4
1371,Sula Vineyards,8.7,0.78,0.51,1.7,0.415,12,66,0.99623,1.17,3,9.2
1372,Seagram,7.5,0.58,0.56,3.1,0.153,5,14,0.99476,1.03,3.21,11.6
1373,Sula Vineyards,8.7,0.78,0.51,1.7,0.415,12,66,0.99623,1.17,3,9.2
1374,Sula Vineyards,7.7,0.75,0.27,3.8,0.11,34,89,0.99664,0.45,3.24,9.3
1375,Grover Zampa,6.8,0.815,0,1.2,0.267,16,29,0.99471,0.51,3.32,9.8
1376,Sula Vineyards,7.2,0.56,0.26,2,0.083,13,100,0.99586,0.52,3.26,9.9
1377,Sula Vineyards,8.2,0.885,0.2,1.4,0.086,7,31,0.9946,0.46,3.11,10
1378,Seagram,5.2,0.49,0.26,2.3,0.09,23,74,0.9953,0.62,3.71,12.2
1379,Seagram,7.2,0.45,0.15,2,0.078,10,28,0.99609,0.51,3.29,9.9
1380,Seagram,7.5,0.57,0.02,2.6,0.077,11,35,0.99557,0.62,3.36,10.8
1381,Seagram,7.5,0.57,0.02,2.6,0.077,11,35,0.99557,0.62,3.36,10.8
1383,Sula Vineyards,8,0.6,0.22,2.1,0.08,25,105,0.99613,0.49,3.3,9.9
1384,Sula Vineyards,8,0.6,0.22,2.1,0.08,25,105,0.99613,0.49,3.3,9.9
1386,Sula Vineyards,8,0.81,0.25,3.4,0.076,34,85,0.99668,0.42,3.19,9.2
1389,Sula Vineyards,6.6,0.64,0.31,6.1,0.083,7,49,0.99718,0.68,3.35,10.3
1390,Sula Vineyards,6.7,0.48,0.02,2.2,0.08,36,111,0.99524,0.53,3.1,9.7
1391,Seagram,6,0.49,0,2.3,0.068,15,33,0.99292,0.59,3.58,12.5
1392,Sula Vineyards,8,0.64,0.22,2.4,0.094,5,33,0.99612,0.58,3.37,11
1393,Sula Vineyards,7.1,0.62,0.06,1.3,0.07,5,12,0.9942,0.48,3.17,9.8
1394,Sula Vineyards,8,0.52,0.25,2,0.078,19,59,0.99612,0.48,3.3,10.2
1395,Sula Vineyards,6.4,0.57,0.14,3.9,0.07,27,73,0.99669,0.48,3.32,9.2
1396,Seagram,8.6,0.685,0.1,1.6,0.092,3,12,0.99745,0.65,3.31,9.55
1397,Sula Vineyards,8.7,0.675,0.1,1.6,0.09,4,11,0.99745,0.65,3.31,9.55
1398,Sula Vineyards,7.3,0.59,0.26,2,0.08,17,104,0.99584,0.52,3.28,9.9
1399,Grover Zampa,7,0.6,0.12,2.2,0.083,13,28,0.9966,0.62,3.52,10.2
1400,Seagram,7.2,0.67,0,2.2,0.068,10,24,0.9956,0.72,3.42,11.1
1401,Sula Vineyards,7.9,0.69,0.21,2.1,0.08,33,141,0.9962,0.51,3.25,9.9
1402,Sula Vineyards,7.9,0.69,0.21,2.1,0.08,33,141,0.9962,0.51,3.25,9.9
1403,Seagram,7.6,0.3,0.42,2,0.052,6,24,0.9963,0.82,3.44,11.9
1404,Grover Zampa,7.2,0.33,0.33,1.7,0.061,3,13,0.996,1.1,3.23,10
1405,Seagram,8,0.5,0.39,2.6,0.082,12,46,0.9985,0.62,3.43,10.7
1406,Grover Zampa,7.7,0.28,0.3,2,0.062,18,34,0.9952,0.9,3.28,11.3
1407,Seagram,8.2,0.24,0.34,5.1,0.062,8,22,0.9974,0.94,3.22,10.9
1408,Seagram,6,0.51,0,2.1,0.064,40,54,0.995,0.93,3.54,10.7
1409,Grover Zampa,8.1,0.29,0.36,2.2,0.048,35,53,0.995,1.01,3.27,12.4
1410,Seagram,6,0.51,0,2.1,0.064,40,54,0.995,0.93,3.54,10.7
1411,Seagram,6.6,0.96,0,1.8,0.082,5,16,0.9936,0.44,3.5,11.9
1412,Seagram,6.4,0.47,0.4,2.4,0.071,8,19,0.9963,0.73,3.56,10.6
1413,Seagram,8.2,0.24,0.34,5.1,0.062,8,22,0.9974,0.94,3.22,10.9
1414,Sula Vineyards,9.9,0.57,0.25,2,0.104,12,89,0.9963,0.9,3.04,10.1
1416,Sula Vineyards,6.2,0.58,0,1.6,0.065,8,18,0.9966,0.84,3.56,9.4
1417,Sula Vineyards,10,0.32,0.59,2.2,0.077,3,15,0.9994,0.78,3.2,9.6
1418,Grover Zampa,7.3,0.34,0.33,2.5,0.064,21,37,0.9952,0.77,3.35,12.1
1419,Sula Vineyards,7.8,0.53,0.01,1.6,0.077,3,19,0.995,0.46,3.16,9.8
1420,Sula Vineyards,7.7,0.64,0.21,2.2,0.077,32,133,0.9956,0.45,3.27,9.9
1421,Sula Vineyards,7.8,0.53,0.01,1.6,0.077,3,19,0.995,0.46,3.16,9.8
1422,Sula Vineyards,7.5,0.4,0.18,1.6,0.079,24,58,0.9965,0.58,3.34,9.4
1423,Seagram,7,0.54,0,2.1,0.079,39,55,0.9956,0.84,3.39,11.4
1424,Grover Zampa,6.4,0.53,0.09,3.9,0.123,14,31,0.9968,0.67,3.5,11
1425,Seagram,8.3,0.26,0.37,1.4,0.076,8,23,0.9974,0.7,3.26,9.6
1426,Seagram,8.3,0.26,0.37,1.4,0.076,8,23,0.9974,0.7,3.26,9.6
1427,Seagram,7.7,0.23,0.37,1.8,0.046,23,60,0.9971,0.71,3.41,12.1
1428,Grover Zampa,7.6,0.41,0.33,2.5,0.078,6,23,0.9957,0.58,3.3,11.2
1429,Sula Vineyards,7.8,0.64,0,1.9,0.072,27,55,0.9962,0.63,3.31,11
1430,Sula Vineyards,7.9,0.18,0.4,2.2,0.049,38,67,0.996,0.93,3.33,11.3
1431,Sula Vineyards,7.4,0.41,0.24,1.8,0.066,18,47,0.9956,0.62,3.37,10.4
1432,Seagram,7.6,0.43,0.31,2.1,0.069,13,74,0.9958,0.54,3.26,9.9
1433,Seagram,5.9,0.44,0,1.6,0.042,3,11,0.9944,0.85,3.48,11.7
1434,Grover Zampa,6.1,0.4,0.16,1.8,0.069,11,25,0.9955,0.74,3.42,10.1
1435,Seagram,10.2,0.54,0.37,15.4,0.214,55,95,1.00369,0.77,3.18,9
1436,Seagram,10.2,0.54,0.37,15.4,0.214,55,95,1.00369,0.77,3.18,9
1437,Grover Zampa,10,0.38,0.38,1.6,0.169,27,90,0.99914,0.65,3.15,8.5
1438,Sula Vineyards,6.8,0.915,0.29,4.8,0.07,15,39,0.99577,0.54,3.53,11.1
1439,Sula Vineyards,7,0.59,0,1.7,0.052,3,8,0.996,0.47,3.41,10.3
1440,Seagram,7.3,0.67,0.02,2.2,0.072,31,92,0.99566,0.68,3.32,11.06666667
1441,Grover Zampa,7.2,0.37,0.32,2,0.062,15,28,0.9947,0.73,3.23,11.3
1442,Seagram,7.4,0.785,0.19,5.2,0.094,19,98,0.99713,0.52,3.16,9.566666667
1443,Sula Vineyards,6.9,0.63,0.02,1.9,0.078,18,30,0.99712,0.75,3.4,9.8
1444,Sula Vineyards,6.9,0.58,0.2,1.75,0.058,8,22,0.99322,0.49,3.38,11.7
1445,Seagram,7.3,0.67,0.02,2.2,0.072,31,92,0.99566,0.68,3.32,11.1
1446,Seagram,7.4,0.785,0.19,5.2,0.094,19,98,0.99713,0.52,3.16,9.6
1447,Grover Zampa,6.9,0.63,0.02,1.9,0.078,18,30,0.99712,0.75,3.4,9.8
1448,Sula Vineyards,6.8,0.67,0,1.9,0.08,22,39,0.99701,0.74,3.4,9.7
1449,Sula Vineyards,6.9,0.58,0.01,1.9,0.08,40,54,0.99683,0.73,3.4,9.7
1450,Grover Zampa,7.2,0.38,0.31,2,0.056,15,29,0.99472,0.76,3.23,11.3
1451,Grover Zampa,7.2,0.37,0.32,2,0.062,15,28,0.9947,0.73,3.23,11.3
1452,Grover Zampa,7.8,0.32,0.44,2.7,0.104,8,17,0.99732,0.78,3.33,11
1453,Grover Zampa,6.6,0.58,0.02,2,0.062,37,53,0.99374,0.76,3.35,11.6
1454,Sula Vineyards,7.6,0.49,0.33,1.9,0.074,27,85,0.99706,0.58,3.41,9
1455,Seagram,11.7,0.45,0.63,2.2,0.073,7,23,0.99974,0.69,3.21,10.9
1456,Seagram,6.5,0.9,0,1.6,0.052,9,17,0.99467,0.63,3.5,10.9
1457,Seagram,6,0.54,0.06,1.8,0.05,38,89,0.99236,0.5,3.3,10.55
1458,Sula Vineyards,7.6,0.49,0.33,1.9,0.074,27,85,0.99706,0.58,3.41,9
1459,Grover Zampa,8.4,0.29,0.4,1.7,0.067,8,20,0.99603,0.6,3.39,10.5
1460,Grover Zampa,7.9,0.2,0.35,1.7,0.054,7,15,0.99458,0.8,3.32,11.9
1461,Seagram,6.4,0.42,0.09,2.3,0.054,34,64,0.99724,0.68,3.41,10.4
1462,Grover Zampa,6.2,0.785,0,2.1,0.06,6,13,0.99664,0.61,3.59,10
1463,Seagram,6.8,0.64,0.03,2.3,0.075,14,31,0.99545,0.58,3.36,10.4
1464,Seagram,6.9,0.63,0.01,2.4,0.076,14,39,0.99522,0.53,3.34,10.8
1465,Sula Vineyards,6.8,0.59,0.1,1.7,0.063,34,53,0.9958,0.67,3.41,9.7
1466,Sula Vineyards,6.8,0.59,0.1,1.7,0.063,34,53,0.9958,0.67,3.41,9.7
1467,Grover Zampa,7.3,0.48,0.32,2.1,0.062,31,54,0.99728,0.65,3.3,10
1468,Grover Zampa,6.7,1.04,0.08,2.3,0.067,19,32,0.99648,0.57,3.52,11
1469,Grover Zampa,7.3,0.48,0.32,2.1,0.062,31,54,0.99728,0.65,3.3,10
1470,Grover Zampa,7.3,0.98,0.05,2.1,0.061,20,49,0.99705,0.55,3.31,9.7
1471,Sula Vineyards,10,0.69,0.11,1.4,0.084,8,24,0.99578,0.47,2.88,9.7
1472,Sula Vineyards,6.7,0.7,0.08,3.75,0.067,8,16,0.99334,0.52,3.43,12.6
1473,Seagram,7.6,0.35,0.6,2.6,0.073,23,44,0.99656,0.79,3.38,11.1
1474,Grover Zampa,6.1,0.6,0.08,1.8,0.071,14,45,0.99336,0.54,3.38,11
1475,Sula Vineyards,9.9,0.5,0.5,13.8,0.205,48,82,1.00242,0.75,3.16,8.8
1476,Grover Zampa,5.3,0.47,0.11,2.2,0.048,16,89,0.99182,0.88,3.54,10.26666667
1477,Sula Vineyards,9.9,0.5,0.5,13.8,0.205,48,82,1.00242,0.75,3.16,8.8
1478,Grover Zampa,5.3,0.47,0.11,2.2,0.048,16,89,0.99182,0.88,3.54,10.26666667
1479,Grover Zampa,7.1,0.875,0.05,5.7,0.082,3,14,0.99808,0.52,3.4,10.2
1480,Sula Vineyards,8.2,0.28,0.6,3,0.104,10,22,0.99828,0.68,3.39,10.6
1481,Grover Zampa,5.6,0.62,0.03,1.5,0.08,6,13,0.99498,0.62,3.66,10.1
1482,Sula Vineyards,8.2,0.28,0.6,3,0.104,10,22,0.99828,0.68,3.39,10.6
1483,Grover Zampa,7.2,0.58,0.54,2.1,0.114,3,9,0.99719,0.57,3.33,10.3
1484,Sula Vineyards,8.1,0.33,0.44,1.5,0.042,6,12,0.99542,0.61,3.35,10.7
1485,Grover Zampa,6.8,0.91,0.06,2,0.06,4,11,0.99592,0.64,3.53,10.9
1486,Sula Vineyards,7,0.655,0.16,2.1,0.074,8,25,0.99606,0.55,3.37,9.7
1487,Sula Vineyards,6.8,0.68,0.21,2.1,0.07,9,23,0.99546,0.6,3.38,10.3
1488,Sula Vineyards,6,0.64,0.05,1.9,0.066,9,17,0.99496,0.78,3.52,10.6
1489,Grover Zampa,5.6,0.54,0.04,1.7,0.049,5,13,0.9942,0.58,3.72,11.4
1490,Seagram,6.2,0.57,0.1,2.1,0.048,4,11,0.99448,0.76,3.44,10.8
1491,Seagram,7.1,0.22,0.49,1.8,0.039,8,18,0.99344,0.56,3.39,12.4
1492,Sula Vineyards,5.6,0.54,0.04,1.7,0.049,5,13,0.9942,0.58,3.72,11.4
1493,Sula Vineyards,6.2,0.65,0.06,1.6,0.05,6,18,0.99348,0.54,3.57,11.95
1494,Sula Vineyards,7.7,0.54,0.26,1.9,0.089,23,147,0.99636,0.59,3.26,9.7
1495,Grover Zampa,6.4,0.31,0.09,1.4,0.066,15,28,0.99459,0.7,3.42,10
1496,Seagram,7,0.43,0.02,1.9,0.08,15,28,0.99492,0.81,3.35,10.6
1497,Sula Vineyards,7.7,0.54,0.26,1.9,0.089,23,147,0.99636,0.59,3.26,9.7
1498,Seagram,6.9,0.74,0.03,2.3,0.054,7,16,0.99508,0.63,3.45,11.5
1499,Seagram,6.6,0.895,0.04,2.3,0.068,7,13,0.99582,0.58,3.53,10.8
1500,Seagram,6.9,0.74,0.03,2.3,0.054,7,16,0.99508,0.63,3.45,11.5
1501,Sula Vineyards,7.5,0.725,0.04,1.5,0.076,8,15,0.99508,0.53,3.26,9.6
1502,Sula Vineyards,7.8,0.82,0.29,4.3,0.083,21,64,0.99642,0.53,3.16,9.4
1503,Sula Vineyards,7.3,0.585,0.18,2.4,0.078,15,60,0.99638,0.54,3.31,9.8
1504,Seagram,6.2,0.44,0.39,2.5,0.077,6,14,0.99555,0.69,3.51,11
1505,Seagram,7.5,0.38,0.57,2.3,0.106,5,12,0.99605,0.55,3.36,11.4
1506,Grover Zampa,6.7,0.76,0.02,1.8,0.078,6,12,0.996,0.63,3.55,9.95
1507,Seagram,6.8,0.81,0.05,2,0.07,6,14,0.99562,0.66,3.51,10.8
1508,Seagram,7.5,0.38,0.57,2.3,0.106,5,12,0.99605,0.55,3.36,11.4
1509,Seagram,7.1,0.27,0.6,2.1,0.074,17,25,0.99814,0.72,3.38,10.6
1510,Sula Vineyards,7.9,0.18,0.4,1.8,0.062,7,20,0.9941,0.7,3.28,11.1
1511,Seagram,6.4,0.36,0.21,2.2,0.047,26,48,0.99661,0.77,3.47,9.7
1512,Sula Vineyards,7.1,0.69,0.04,2.1,0.068,19,27,0.99712,0.67,3.44,9.8
1513,Seagram,6.4,0.79,0.04,2.2,0.061,11,17,0.99588,0.65,3.53,10.4
1514,Seagram,6.4,0.56,0.15,1.8,0.078,17,65,0.99294,0.6,3.33,10.5
1515,Seagram,6.9,0.84,0.21,4.1,0.074,16,65,0.99842,0.72,3.53,9.233333333
1516,Seagram,6.9,0.84,0.21,4.1,0.074,16,65,0.99842,0.72,3.53,9.25
1517,Grover Zampa,6.1,0.32,0.25,2.3,0.071,23,58,0.99633,0.97,3.42,10.6
1518,Seagram,6.5,0.53,0.06,2,0.063,29,44,0.99489,0.83,3.38,10.3
1519,Sula Vineyards,7.4,0.47,0.46,2.2,0.114,7,20,0.99647,0.63,3.32,10.5
1520,Sula Vineyards,6.6,0.7,0.08,2.6,0.106,14,27,0.99665,0.58,3.44,10.2
1521,Seagram,6.5,0.53,0.06,2,0.063,29,44,0.99489,0.83,3.38,10.3
1522,Grover Zampa,6.9,0.48,0.2,1.9,0.082,9,23,0.99585,0.43,3.39,9.05
1523,Sula Vineyards,6.1,0.32,0.25,2.3,0.071,23,58,0.99633,0.97,3.42,10.6
1524,Grover Zampa,6.8,0.48,0.25,2,0.076,29,61,0.9953,0.6,3.34,10.4
1525,Seagram,6,0.42,0.19,2,0.075,22,47,0.99522,0.78,3.39,10
1526,Sula Vineyards,6.7,0.48,0.08,2.1,0.064,18,34,0.99552,0.64,3.33,9.7
1527,Seagram,6.8,0.47,0.08,2.2,0.064,18,38,0.99553,0.65,3.3,9.6
1528,Seagram,7.1,0.53,0.07,1.7,0.071,15,24,0.9951,0.66,3.29,10.8
1529,Seagram,7.9,0.29,0.49,2.2,0.096,21,59,0.99714,0.67,3.31,10.1
1530,Seagram,7.1,0.69,0.08,2.1,0.063,42,52,0.99608,0.6,3.42,10.2
1531,Seagram,6.6,0.44,0.09,2.2,0.063,9,18,0.99444,0.69,3.42,11.3
1532,Sula Vineyards,6.1,0.705,0.1,2.8,0.081,13,28,0.99631,0.66,3.6,10.2
1533,Seagram,7.2,0.53,0.13,2,0.058,18,22,0.99573,0.68,3.21,9.9
1534,Sula Vineyards,8,0.39,0.3,1.9,0.074,32,84,0.99717,0.61,3.39,9
1535,Grover Zampa,6.6,0.56,0.14,2.4,0.064,13,29,0.99397,0.62,3.42,11.7
1536,Seagram,7,0.55,0.13,2.2,0.075,15,35,0.9959,0.59,3.36,9.7
1537,Seagram,6.1,0.53,0.08,1.9,0.077,24,45,0.99528,0.68,3.6,10.3
1538,Seagram,5.4,0.58,0.08,1.9,0.059,20,31,0.99484,0.64,3.5,10.2
1539,Sula Vineyards,6.2,0.64,0.09,2.5,0.081,15,26,0.99538,0.63,3.57,12
1540,Sula Vineyards,7.2,0.39,0.32,1.8,0.065,34,60,0.99714,0.78,3.46,9.9
1541,Seagram,6.2,0.52,0.08,4.4,0.071,11,32,0.99646,0.63,3.56,11.6
1542,Grover Zampa,7.4,0.25,0.29,2.2,0.054,19,49,0.99666,0.76,3.4,10.9
1543,Seagram,6.7,0.855,0.02,1.9,0.064,29,38,0.99472,0.56,3.3,10.75
1544,Seagram,11.1,0.44,0.42,2.2,0.064,14,19,0.99758,0.57,3.25,10.4
1545,Grover Zampa,8.4,0.37,0.43,2.3,0.063,12,19,0.9955,0.81,3.17,11.2
1546,Seagram,6.5,0.63,0.33,1.8,0.059,16,28,0.99531,0.64,3.36,10.1
1547,Grover Zampa,7,0.57,0.02,2,0.072,17,26,0.99575,0.61,3.36,10.2
1548,Sula Vineyards,6.3,0.6,0.1,1.6,0.048,12,26,0.99306,0.51,3.55,12.1
1549,Sula Vineyards,11.2,0.4,0.5,2,0.099,19,50,0.99783,0.58,3.1,10.4
1550,Grover Zampa,7.4,0.36,0.3,1.8,0.074,17,24,0.99419,0.7,3.24,11.4
1552,Sula Vineyards,7.1,0.67,0,2.3,0.083,18,27,0.99768,0.54,3.44,9.4
1553,Seagram,6.3,0.68,0.01,3.7,0.103,32,54,0.99586,0.66,3.51,11.3
1554,Sula Vineyards,7.3,0.735,0,2.2,0.08,18,28,0.99765,0.6,3.41,9.4
1555,Seagram,6.6,0.855,0.02,2.4,0.062,15,23,0.99627,0.6,3.54,11
1556,Grover Zampa,7,0.56,0.17,1.7,0.065,15,24,0.99514,0.68,3.44,10.55
1557,Sula Vineyards,6.6,0.88,0.04,2.2,0.066,12,20,0.99636,0.56,3.53,9.9
1558,Seagram,6.6,0.855,0.02,2.4,0.062,15,23,0.99627,0.6,3.54,11
1560,Sula Vineyards,7.8,0.6,0.26,2,0.08,31,131,0.99622,0.52,3.21,9.9
1561,Grover Zampa,7.8,0.6,0.26,2,0.08,31,131,0.99622,0.52,3.21,9.9
1562,Sula Vineyards,7.8,0.6,0.26,2,0.08,31,131,0.99622,0.52,3.21,9.9
1563,Sula Vineyards,7.2,0.695,0.13,2,0.076,12,20,0.99546,0.54,3.29,10.1
1564,Grover Zampa,7.2,0.695,0.13,2,0.076,12,20,0.99546,0.54,3.29,10.1
1565,Sula Vineyards,7.2,0.695,0.13,2,0.076,12,20,0.99546,0.54,3.29,10.1
1566,Seagram,6.7,0.67,0.02,1.9,0.061,26,42,0.99489,0.82,3.39,10.9
1567,Seagram,6.7,0.16,0.64,2.1,0.059,24,52,0.99494,0.71,3.34,11.2
1568,Sula Vineyards,7.2,0.695,0.13,2,0.076,12,20,0.99546,0.54,3.29,10.1
1569,Sula Vineyards,7,0.56,0.13,1.6,0.077,25,42,0.99629,0.59,3.34,9.2
1570,Seagram,6.2,0.51,0.14,1.9,0.056,15,34,0.99396,0.57,3.48,11.5
1571,Seagram,6.4,0.36,0.53,2.2,0.23,19,35,0.9934,0.93,3.37,12.4
1572,Seagram,6.4,0.38,0.14,2.2,0.038,15,25,0.99514,0.65,3.44,11.1
1574,Seagram,6,0.58,0.2,2.4,0.075,15,50,0.99467,0.67,3.58,12.5
1575,Seagram,5.6,0.31,0.78,13.9,0.074,23,92,0.99677,0.48,3.39,10.5
1576,Seagram,7.5,0.52,0.4,2.2,0.06,12,20,0.99474,0.64,3.26,11.8
1577,Seagram,8,0.3,0.63,1.6,0.081,16,29,0.99588,0.78,3.3,10.8
1578,Seagram,6.2,0.7,0.15,5.1,0.076,13,27,0.99622,0.6,3.54,11.9
1579,Seagram,6.8,0.67,0.15,1.8,0.118,13,20,0.9954,0.67,3.42,11.3
1580,Grover Zampa,6.2,0.56,0.09,1.7,0.053,24,32,0.99402,0.6,3.54,11.3
1581,Seagram,7.4,0.35,0.33,2.4,0.068,9,26,0.9947,0.6,3.36,11.9
1582,Sula Vineyards,6.2,0.56,0.09,1.7,0.053,24,32,0.99402,0.6,3.54,11.3
1583,Sula Vineyards,6.1,0.715,0.1,2.6,0.053,13,27,0.99362,0.5,3.57,11.9
1584,Sula Vineyards,6.2,0.46,0.29,2.1,0.074,32,98,0.99578,0.62,3.33,9.8
1585,Grover Zampa,6.7,0.32,0.44,2.4,0.061,24,34,0.99484,0.8,3.29,11.6
1586,Seagram,7.2,0.39,0.44,2.6,0.066,22,48,0.99494,0.84,3.3,11.5
1587,Seagram,7.5,0.31,0.41,2.4,0.065,34,60,0.99492,0.85,3.34,11.4
1588,Seagram,5.8,0.61,0.11,1.8,0.066,18,28,0.99483,0.66,3.55,10.9
1589,Seagram,7.2,0.66,0.33,2.5,0.068,34,102,0.99414,0.78,3.27,12.8
1590,Grover Zampa,6.6,0.725,0.2,7.8,0.073,29,79,0.9977,0.54,3.29,9.2
1591,Seagram,6.3,0.55,0.15,1.8,0.077,26,35,0.99314,0.82,3.32,11.6
1592,Seagram,5.4,0.74,0.09,1.7,0.089,16,26,0.99402,0.56,3.67,11.6
1593,Seagram,6.3,0.51,0.13,2.3,0.076,29,40,0.99574,0.75,3.42,11
1595,Sula Vineyards,6.2,0.6,0.08,2,0.09,32,44,0.9949,0.58,3.45,10.5
1596,Seagram,5.9,0.55,0.1,2.2,0.062,39,51,0.99512,0.76,3.52,11.2
1597,Seagram,6.3,0.51,0.13,2.3,0.076,29,40,0.99574,0.75,3.42,11
1598,Sula Vineyards,5.9,0.645,0.12,2,0.075,32,44,0.99547,0.71,3.57,10.2
1599,Seagram,6,0.31,0.47,3.6,0.067,18,42,0.99549,0.66,3.39,11
